NO PANELS,INVERTER SIZE,INVERTER MODEL,PANELS TYPE,Package Name,Invoice Description,PACKAGE Type,Package Price,Nett Price After Discount,DC Cable,DC cable Distance (m),mc4 qty(PAIR),Mounting structure,AC Cable,AC cable  Distance (m),Breaker,PV METER,PVC DB BOX
10,5,1X [3P] SAJ R6 5KW String Inverter,650W JinkoSolar TIGER NEO 3.0 Panel N-Type TOPCon,COMMERCIAL 10PCS JINKO 650W,"10X 650W JinkoSolar TIGER NEO 3.0 Panel N-Type TOPCon
1X [3P] SAJ R6 5KW String Inverter
1X SEDA ATAP Application
TNB Smart Meter Application
Solar System Architecture Design
Electrical System Design
Roof and Site Surveying
Roof Panel Installation
Electrical Works
SkyLift",commercial,"25,960","21,300",Master Tec 6mm DC Cable,40,10,10,"MEGA Cable AC Cable: 6mm, Earth Cable: 6mm",5,EPS 3P 32A,Three Phase PV meter,10.5way
11,5,1X [3P] SAJ R6 5KW String Inverter,650W JinkoSolar TIGER NEO 3.0 Panel N-Type TOPCon,COMMERCIAL 11PCS JINKO 650W,"11X 650W JinkoSolar TIGER NEO 3.0 Panel N-Type TOPCon
1X [3P] SAJ R6 5KW String Inverter
1X SEDA ATAP Application
TNB Smart Meter Application
Solar System Architecture Design
Electrical System Design
Roof and Site Surveying
Roof Panel Installation
Electrical Works
SkyLift",commercial,"27,240","22,320",Master Tec 6mm DC Cable,40,10,11,"MEGA Cable AC Cable: 6mm, Earth Cable: 6mm",5,EPS 3P 32A,Three Phase PV meter,10.5way
12,5,1X [3P] SAJ R6 5KW String Inverter,650W JinkoSolar TIGER NEO 3.0 Panel N-Type TOPCon,COMMERCIAL 12PCS JINKO 650W,"12X 650W JinkoSolar TIGER NEO 3.0 Panel N-Type TOPCon
1X [3P] SAJ R6 5KW String Inverter
1X SEDA ATAP Application
TNB Smart Meter Application
Solar System Architecture Design
Electrical System Design
Roof and Site Surveying
Roof Panel Installation
Electrical Works
SkyLift",commercial,"28,590","23,400",Master Tec 6mm DC Cable,40,10,12,"MEGA Cable AC Cable: 6mm, Earth Cable: 6mm",5,EPS 3P 32A,Three Phase PV meter,10.5way
13,6,1X [3P] SAJ R6 6KW String Inverter,650W JinkoSolar TIGER NEO 3.0 Panel N-Type TOPCon,COMMERCIAL 13PCS JINKO 650W,"13X 650W JinkoSolar TIGER NEO 3.0 Panel N-Type TOPCon
1X [3P] SAJ R6 6KW String Inverter
1X SEDA ATAP Application
TNB Smart Meter Application
Solar System Architecture Design
Electrical System Design
Roof and Site Surveying
Roof Panel Installation
Electrical Works
SkyLift",commercial,"29,870","24,420",Master Tec 6mm DC Cable,40,10,13,"MEGA Cable AC Cable: 6mm, Earth Cable: 6mm",5,EPS 3P 32A,Three Phase PV meter,10.5way
14,6,1X [3P] SAJ R6 6KW String Inverter,650W JinkoSolar TIGER NEO 3.0 Panel N-Type TOPCon,COMMERCIAL 14PCS JINKO 650W,"14X 650W JinkoSolar TIGER NEO 3.0 Panel N-Type TOPCon
1X [3P] SAJ R6 6KW String Inverter
1X SEDA ATAP Application
TNB Smart Meter Application
Solar System Architecture Design
Electrical System Design
Roof and Site Surveying
Roof Panel Installation
Electrical Works
SkyLift",commercial,"31,280","25,540",Master Tec 6mm DC Cable,40,10,14,"MEGA Cable AC Cable: 6mm, Earth Cable: 6mm",5,EPS 3P 32A,Three Phase PV meter,10.5way
15,8,1X [3P] SAJ R6 8KW String Inverter,650W JinkoSolar TIGER NEO 3.0 Panel N-Type TOPCon,COMMERCIAL 15PCS JINKO 650W,"15X 650W JinkoSolar TIGER NEO 3.0 Panel N-Type TOPCon
1X [3P] SAJ R6 8KW String Inverter
1X SEDA ATAP Application
TNB Smart Meter Application
Solar System Architecture Design
Electrical System Design
Roof and Site Surveying
Roof Panel Installation
Electrical Works
SkyLift",commercial,"32,570","26,570",Master Tec 6mm DC Cable,40,10,15,"MEGA Cable AC Cable: 6mm, Earth Cable: 6mm",5,EPS 3P 32A,Three Phase PV meter,10.5way
16,8,1X [3P] SAJ R6 8KW String Inverter,650W JinkoSolar TIGER NEO 3.0 Panel N-Type TOPCon,COMMERCIAL 16PCS JINKO 650W,"16X 650W JinkoSolar TIGER NEO 3.0 Panel N-Type TOPCon
1X [3P] SAJ R6 8KW String Inverter
1X SEDA ATAP Application
TNB Smart Meter Application
Solar System Architecture Design
Electrical System Design
Roof and Site Surveying
Roof Panel Installation
Electrical Works
SkyLift",commercial,"33,840","27,590",Master Tec 6mm DC Cable,40,10,16,"MEGA Cable AC Cable: 6mm, Earth Cable: 6mm",5,EPS 3P 32A,Three Phase PV meter,10.5way
17,8,1X [3P] SAJ R6 8KW String Inverter,650W JinkoSolar TIGER NEO 3.0 Panel N-Type TOPCon,COMMERCIAL 17PCS JINKO 650W,"17X 650W JinkoSolar TIGER NEO 3.0 Panel N-Type TOPCon
1X [3P] SAJ R6 8KW String Inverter
1X SEDA ATAP Application
TNB Smart Meter Application
Solar System Architecture Design
Electrical System Design
Roof and Site Surveying
Roof Panel Installation
Electrical Works
SkyLift",commercial,"35,110","28,610",Master Tec 6mm DC Cable,40,10,17,"MEGA Cable AC Cable: 6mm, Earth Cable: 6mm",5,EPS 3P 32A,Three Phase PV meter,10.5way
18,8,1X [3P] SAJ R6 8KW String Inverter,650W JinkoSolar TIGER NEO 3.0 Panel N-Type TOPCon,COMMERCIAL 18PCS JINKO 650W,"18X 650W JinkoSolar TIGER NEO 3.0 Panel N-Type TOPCon
1X [3P] SAJ R6 8KW String Inverter
1X SEDA ATAP Application
TNB Smart Meter Application
Solar System Architecture Design
Electrical System Design
Roof and Site Surveying
Roof Panel Installation
Electrical Works
SkyLift",commercial,"36,400","29,630",Master Tec 6mm DC Cable,40,10,18,"MEGA Cable AC Cable: 6mm, Earth Cable: 6mm",5,EPS 3P 32A,Three Phase PV meter,10.5way
19,10,1X [3P] SAJ R6 10KW String Inverter,650W JinkoSolar TIGER NEO 3.0 Panel N-Type TOPCon,COMMERCIAL 19PCS JINKO 650W,"19X 650W JinkoSolar TIGER NEO 3.0 Panel N-Type TOPCon
1X [3P] SAJ R6 10KW String Inverter
1X SEDA ATAP Application
TNB Smart Meter Application
Solar System Architecture Design
Electrical System Design
Roof and Site Surveying
Roof Panel Installation
Electrical Works
SkyLift",commercial,"37,810","30,470",Master Tec 6mm DC Cable,40,10,19,"MEGA Cable AC Cable: 6mm, Earth Cable: 6mm",5,EPS 3P 32A,Three Phase PV meter,10.5way
20,10,1X [3P] SAJ R6 10KW String Inverter,650W JinkoSolar TIGER NEO 3.0 Panel N-Type TOPCon,COMMERCIAL 20PCS JINKO 650W,"20X 650W JinkoSolar TIGER NEO 3.0 Panel N-Type TOPCon
1X [3P] SAJ R6 10KW String Inverter
1X SEDA ATAP Application
TNB Smart Meter Application
Solar System Architecture Design
Electrical System Design
Roof and Site Surveying
Roof Panel Installation
Electrical Works
SkyLift",commercial,"38,960","31,060",Master Tec 6mm DC Cable,40,10,20,"MEGA Cable AC Cable: 6mm, Earth Cable: 6mm",5,EPS 3P 32A,Three Phase PV meter,10.5way
21,10,1X [3P] SAJ R6 10KW String Inverter,650W JinkoSolar TIGER NEO 3.0 Panel N-Type TOPCon,COMMERCIAL 21PCS JINKO 650W,"21X 650W JinkoSolar TIGER NEO 3.0 Panel N-Type TOPCon
1X [3P] SAJ R6 10KW String Inverter
1X SEDA ATAP Application
TNB Smart Meter Application
Solar System Architecture Design
Electrical System Design
Roof and Site Surveying
Roof Panel Installation
Electrical Works
SkyLift",commercial,"40,240","31,770",Master Tec 6mm DC Cable,40,10,21,"MEGA Cable AC Cable: 6mm, Earth Cable: 6mm",5,EPS 3P 32A,Three Phase PV meter,10.5way
22,10,1X [3P] SAJ R6 10KW String Inverter,650W JinkoSolar TIGER NEO 3.0 Panel N-Type TOPCon,COMMERCIAL 22PCS JINKO 650W,"22X 650W JinkoSolar TIGER NEO 3.0 Panel N-Type TOPCon
1X [3P] SAJ R6 10KW String Inverter
1X SEDA ATAP Application
TNB Smart Meter Application
Solar System Architecture Design
Electrical System Design
Roof and Site Surveying
Roof Panel Installation
Electrical Works
SkyLift",commercial,"41,500","32,460",Master Tec 6mm DC Cable,40,10,22,"MEGA Cable AC Cable: 6mm, Earth Cable: 6mm",5,EPS 3P 32A,Three Phase PV meter,10.5way
23,12,1X [3P] SAJ R6 12KW String Inverter,650W JinkoSolar TIGER NEO 3.0 Panel N-Type TOPCon,COMMERCIAL 23PCS JINKO 650W,"23X 650W JinkoSolar TIGER NEO 3.0 Panel N-Type TOPCon
1X [3P] SAJ R6 12KW String Inverter
1X SEDA ATAP Application
TNB Smart Meter Application
Solar System Architecture Design
Electrical System Design
Roof and Site Surveying
Roof Panel Installation
Electrical Works
SkyLift",commercial,"42,890","33,220",Master Tec 6mm DC Cable,40,10,23,"MEGA Cable AC Cable: 6mm, Earth Cable: 6mm",5,EPS 3P 32A,Three Phase PV meter,10.5way
24,12,1X [3P] SAJ R6 12KW String Inverter,650W JinkoSolar TIGER NEO 3.0 Panel N-Type TOPCon,COMMERCIAL 24PCS JINKO 650W,"24X 650W JinkoSolar TIGER NEO 3.0 Panel N-Type TOPCon
1X [3P] SAJ R6 12KW String Inverter
1X SEDA ATAP Application
TNB Smart Meter Application
Solar System Architecture Design
Electrical System Design
Roof and Site Surveying
Roof Panel Installation
Electrical Works
SkyLift",commercial,"44,170","34,190",Master Tec 6mm DC Cable,40,10,24,"MEGA Cable AC Cable: 6mm, Earth Cable: 6mm",5,EPS 3P 32A,Three Phase PV meter,10.5way
25,12,1X [3P] SAJ R6 12KW String Inverter,650W JinkoSolar TIGER NEO 3.0 Panel N-Type TOPCon,COMMERCIAL 25PCS JINKO 650W,"25X 650W JinkoSolar TIGER NEO 3.0 Panel N-Type TOPCon
1X [3P] SAJ R6 12KW String Inverter
1X SEDA ATAP Application
TNB Smart Meter Application
Solar System Architecture Design
Electrical System Design
Roof and Site Surveying
Roof Panel Installation
Electrical Works
SkyLift",commercial,"45,430","35,140",Master Tec 6mm DC Cable,40,10,25,"MEGA Cable AC Cable: 6mm, Earth Cable: 6mm",5,EPS 3P 32A,Three Phase PV meter,10.5way
26,12,1X [3P] SAJ R6 12KW String Inverter,650W JinkoSolar TIGER NEO 3.0 Panel N-Type TOPCon,COMMERCIAL 26PCS JINKO 650W,"26X 650W JinkoSolar TIGER NEO 3.0 Panel N-Type TOPCon
1X [3P] SAJ R6 12KW String Inverter
1X SEDA ATAP Application
TNB Smart Meter Application
Solar System Architecture Design
Electrical System Design
Roof and Site Surveying
Roof Panel Installation
Electrical Works
SkyLift",commercial,"46,700","36,100",Master Tec 6mm DC Cable,40,10,26,"MEGA Cable AC Cable: 6mm, Earth Cable: 6mm",5,EPS 3P 32A,Three Phase PV meter,10.5way
27,12,1X [3P] SAJ R6 12KW String Inverter,650W JinkoSolar TIGER NEO 3.0 Panel N-Type TOPCon,COMMERCIAL 27PCS JINKO 650W,"27X 650W JinkoSolar TIGER NEO 3.0 Panel N-Type TOPCon
1X [3P] SAJ R6 12KW String Inverter
1X SEDA ATAP Application
TNB Smart Meter Application
Solar System Architecture Design
Electrical System Design
Roof and Site Surveying
Roof Panel Installation
Electrical Works
SkyLift",commercial,"47,960","37,080",Master Tec 6mm DC Cable,40,10,27,"MEGA Cable AC Cable: 6mm, Earth Cable: 6mm",5,EPS 3P 32A,Three Phase PV meter,10.5way
28,15,1X [3P] SAJ R6 15KW String Inverter,650W JinkoSolar TIGER NEO 3.0 Panel N-Type TOPCon,COMMERCIAL 28PCS JINKO 650W,"28X 650W JinkoSolar TIGER NEO 3.0 Panel N-Type TOPCon
1X [3P] SAJ R6 15KW String Inverter
1X SEDA ATAP Application
TNB Smart Meter Application
Solar System Architecture Design
Electrical System Design
Roof and Site Surveying
Roof Panel Installation
Electrical Works
SkyLift",commercial,"50,260","38,190",Master Tec 6mm DC Cable,40,15,28,"MEGA Cable AC Cable: 6mm, Earth Cable: 6mm",5,EPS 3P 32A,Three Phase PV meter,14way
29,15,1X [3P] SAJ R6 15KW String Inverter,650W JinkoSolar TIGER NEO 3.0 Panel N-Type TOPCon,COMMERCIAL 29PCS JINKO 650W,"29X 650W JinkoSolar TIGER NEO 3.0 Panel N-Type TOPCon
1X [3P] SAJ R6 15KW String Inverter
1X SEDA ATAP Application
TNB Smart Meter Application
Solar System Architecture Design
Electrical System Design
Roof and Site Surveying
Roof Panel Installation
Electrical Works
SkyLift",commercial,"52,030","39,080",Master Tec 6mm DC Cable,40,15,29,"MEGA Cable AC Cable: 6mm, Earth Cable: 6mm",5,EPS 3P 32A,Three Phase PV meter,14way
30,15,1X [3P] SAJ R6 15KW String Inverter,650W JinkoSolar TIGER NEO 3.0 Panel N-Type TOPCon,COMMERCIAL 30PCS JINKO 650W,"30X 650W JinkoSolar TIGER NEO 3.0 Panel N-Type TOPCon
1X [3P] SAJ R6 15KW String Inverter
1X SEDA ATAP Application
TNB Smart Meter Application
Solar System Architecture Design
Electrical System Design
Roof and Site Surveying
Roof Panel Installation
Electrical Works
SkyLift",commercial,"53,590","40,310",Master Tec 6mm DC Cable,40,15,30,"MEGA Cable AC Cable: 6mm, Earth Cable: 6mm",5,EPS 3P 32A,Three Phase PV meter,14way
31,15,1X [3P] SAJ R6 15KW String Inverter,650W JinkoSolar TIGER NEO 3.0 Panel N-Type TOPCon,COMMERCIAL 31PCS JINKO 650W,"31X 650W JinkoSolar TIGER NEO 3.0 Panel N-Type TOPCon
1X [3P] SAJ R6 15KW String Inverter
1X SEDA ATAP Application
TNB Smart Meter Application
Solar System Architecture Design
Electrical System Design
Roof and Site Surveying
Roof Panel Installation
Electrical Works
SkyLift",commercial,"54,850","41,240",Master Tec 6mm DC Cable,40,15,31,"MEGA Cable AC Cable: 6mm, Earth Cable: 6mm",5,EPS 3P 32A,Three Phase PV meter,14way
32,15,1X [3P] SAJ R6 15KW String Inverter,650W JinkoSolar TIGER NEO 3.0 Panel N-Type TOPCon,COMMERCIAL 32PCS JINKO 650W,"32X 650W JinkoSolar TIGER NEO 3.0 Panel N-Type TOPCon
1X [3P] SAJ R6 15KW String Inverter
1X SEDA ATAP Application
TNB Smart Meter Application
Solar System Architecture Design
Electrical System Design
Roof and Site Surveying
Roof Panel Installation
Electrical Works
SkyLift",commercial,"56,110","42,180",Master Tec 6mm DC Cable,40,15,32,"MEGA Cable AC Cable: 6mm, Earth Cable: 6mm",5,EPS 3P 32A,Three Phase PV meter,14way
33,15,1X [3P] SAJ R6 15KW String Inverter,650W JinkoSolar TIGER NEO 3.0 Panel N-Type TOPCon,COMMERCIAL 33PCS JINKO 650W,"33X 650W JinkoSolar TIGER NEO 3.0 Panel N-Type TOPCon
1X [3P] SAJ R6 15KW String Inverter
1X SEDA ATAP Application
TNB Smart Meter Application
Solar System Architecture Design
Electrical System Design
Roof and Site Surveying
Roof Panel Installation
Electrical Works
SkyLift",commercial,"57,370","43,110",Master Tec 6mm DC Cable,40,15,33,"MEGA Cable AC Cable: 6mm, Earth Cable: 6mm",5,EPS 3P 32A,Three Phase PV meter,14way
34,15,1X [3P] SAJ R6 15KW String Inverter,650W JinkoSolar TIGER NEO 3.0 Panel N-Type TOPCon,COMMERCIAL 34PCS JINKO 650W,"34X 650W JinkoSolar TIGER NEO 3.0 Panel N-Type TOPCon
1X [3P] SAJ R6 15KW String Inverter
1X SEDA ATAP Application
TNB Smart Meter Application
Solar System Architecture Design
Electrical System Design
Roof and Site Surveying
Roof Panel Installation
Electrical Works
SkyLift",commercial,"58,630","44,040",Master Tec 6mm DC Cable,40,15,34,"MEGA Cable AC Cable: 6mm, Earth Cable: 6mm",5,EPS 3P 32A,Three Phase PV meter,14way
35,20,1X [3P] SAJ R6 20KW String Inverter,650W JinkoSolar TIGER NEO 3.0 Panel N-Type TOPCon,COMMERCIAL 35PCS JINKO 650W,"35X 650W JinkoSolar TIGER NEO 3.0 Panel N-Type TOPCon
1X [3P] SAJ R6 20KW String Inverter
1X SEDA ATAP Application
TNB Smart Meter Application
Solar System Architecture Design
Electrical System Design
Roof and Site Surveying
Roof Panel Installation
Electrical Works
SkyLift",commercial,"60,470","45,530",Master Tec 6mm DC Cable,40,15,35,"MEGA Cable AC Cable: 10mm, Earth Cable: 10mm",5,EPS 3P 40A,Three Phase PV meter,14way
36,20,1X [3P] SAJ R6 20KW String Inverter,650W JinkoSolar TIGER NEO 3.0 Panel N-Type TOPCon,COMMERCIAL 36PCS JINKO 650W,"36X 650W JinkoSolar TIGER NEO 3.0 Panel N-Type TOPCon
1X [3P] SAJ R6 20KW String Inverter
1X SEDA ATAP Application
TNB Smart Meter Application
Solar System Architecture Design
Electrical System Design
Roof and Site Surveying
Roof Panel Installation
Electrical Works
SkyLift",commercial,"61,720","46,450",Master Tec 6mm DC Cable,40,15,36,"MEGA Cable AC Cable: 10mm, Earth Cable: 10mm",5,EPS 3P 40A,Three Phase PV meter,14way
37,20,1X [3P] SAJ R6 20KW String Inverter,650W JinkoSolar TIGER NEO 3.0 Panel N-Type TOPCon,COMMERCIAL 37PCS JINKO 650W,"37X 650W JinkoSolar TIGER NEO 3.0 Panel N-Type TOPCon
1X [3P] SAJ R6 20KW String Inverter
1X SEDA ATAP Application
TNB Smart Meter Application
Solar System Architecture Design
Electrical System Design
Roof and Site Surveying
Roof Panel Installation
Electrical Works
SkyLift",commercial,"65,090","49,540",Master Tec 6mm DC Cable,40,15,37,"MEGA Cable AC Cable: 10mm, Earth Cable: 10mm",5,EPS 3P 40A,Three Phase PV meter,14way
38,20,1X [3P] SAJ R6 20KW String Inverter,650W JinkoSolar TIGER NEO 3.0 Panel N-Type TOPCon,COMMERCIAL 38PCS JINKO 650W,"38X 650W JinkoSolar TIGER NEO 3.0 Panel N-Type TOPCon
1X [3P] SAJ R6 20KW String Inverter
1X SEDA ATAP Application
TNB Smart Meter Application
Solar System Architecture Design
Electrical System Design
Roof and Site Surveying
Roof Panel Installation
Electrical Works
SkyLift",commercial,"66,340","50,470",Master Tec 6mm DC Cable,40,15,38,"MEGA Cable AC Cable: 10mm, Earth Cable: 10mm",5,EPS 3P 40A,Three Phase PV meter,14way
39,20,1X [3P] SAJ R6 20KW String Inverter,650W JinkoSolar TIGER NEO 3.0 Panel N-Type TOPCon,COMMERCIAL 39PCS JINKO 650W,"39X 650W JinkoSolar TIGER NEO 3.0 Panel N-Type TOPCon
1X [3P] SAJ R6 20KW String Inverter
1X SEDA ATAP Application
TNB Smart Meter Application
Solar System Architecture Design
Electrical System Design
Roof and Site Surveying
Roof Panel Installation
Electrical Works
SkyLift",commercial,"67,590","51,410",Master Tec 6mm DC Cable,40,15,39,"MEGA Cable AC Cable: 10mm, Earth Cable: 10mm",5,EPS 3P 40A,Three Phase PV meter,14way
40,20,1X [3P] SAJ R6 20KW String Inverter,650W JinkoSolar TIGER NEO 3.0 Panel N-Type TOPCon,COMMERCIAL 40PCS JINKO 650W,"40X 650W JinkoSolar TIGER NEO 3.0 Panel N-Type TOPCon
1X [3P] SAJ R6 20KW String Inverter
1X SEDA ATAP Application
TNB Smart Meter Application
Solar System Architecture Design
Electrical System Design
Roof and Site Surveying
Roof Panel Installation
Electrical Works
SkyLift",commercial,"69,080","52,560",Master Tec 6mm DC Cable,40,15,40,"MEGA Cable AC Cable: 10mm, Earth Cable: 10mm",5,EPS 3P 40A,Three Phase PV meter,14way
41,20,1X [3P] SAJ R6 20KW String Inverter,650W JinkoSolar TIGER NEO 3.0 Panel N-Type TOPCon,COMMERCIAL 41PCS JINKO 650W,"41X 650W JinkoSolar TIGER NEO 3.0 Panel N-Type TOPCon
1X [3P] SAJ R6 20KW String Inverter
1X SEDA ATAP Application
TNB Smart Meter Application
Solar System Architecture Design
Electrical System Design
Roof and Site Surveying
Roof Panel Installation
Electrical Works
SkyLift",commercial,"70,330","53,490",Master Tec 6mm DC Cable,40,15,41,"MEGA Cable AC Cable: 10mm, Earth Cable: 10mm",5,EPS 3P 40A,Three Phase PV meter,14way
42,20,1X [3P] SAJ R6 20KW String Inverter,650W JinkoSolar TIGER NEO 3.0 Panel N-Type TOPCon,COMMERCIAL 42PCS JINKO 650W,"42X 650W JinkoSolar TIGER NEO 3.0 Panel N-Type TOPCon
1X [3P] SAJ R6 20KW String Inverter
1X SEDA ATAP Application
TNB Smart Meter Application
Solar System Architecture Design
Electrical System Design
Roof and Site Surveying
Roof Panel Installation
Electrical Works
SkyLift",commercial,"71,590","54,410",Master Tec 6mm DC Cable,40,15,42,"MEGA Cable AC Cable: 10mm, Earth Cable: 10mm",5,EPS 3P 40A,Three Phase PV meter,14way
43,20,1X [3P] SAJ R6 20KW String Inverter,650W JinkoSolar TIGER NEO 3.0 Panel N-Type TOPCon,COMMERCIAL 43PCS JINKO 650W,"43X 650W JinkoSolar TIGER NEO 3.0 Panel N-Type TOPCon
1X [3P] SAJ R6 20KW String Inverter
1X SEDA ATAP Application
TNB Smart Meter Application
Solar System Architecture Design
Electrical System Design
Roof and Site Surveying
Roof Panel Installation
Electrical Works
SkyLift",commercial,"72,840","55,340",Master Tec 6mm DC Cable,40,15,43,"MEGA Cable AC Cable: 10mm, Earth Cable: 10mm",5,EPS 3P 40A,Three Phase PV meter,14way
44,20,1X [3P] SAJ R6 20KW String Inverter,650W JinkoSolar TIGER NEO 3.0 Panel N-Type TOPCon,COMMERCIAL 44PCS JINKO 650W,"44X 650W JinkoSolar TIGER NEO 3.0 Panel N-Type TOPCon
1X [3P] SAJ R6 20KW String Inverter
1X SEDA ATAP Application
TNB Smart Meter Application
Solar System Architecture Design
Electrical System Design
Roof and Site Surveying
Roof Panel Installation
Electrical Works
SkyLift",commercial,"74,090","56,270",Master Tec 6mm DC Cable,40,15,44,"MEGA Cable AC Cable: 10mm, Earth Cable: 10mm",5,EPS 3P 40A,Three Phase PV meter,14way
45,20,1X [3P] SAJ R6 20KW String Inverter,650W JinkoSolar TIGER NEO 3.0 Panel N-Type TOPCon,COMMERCIAL 45PCS JINKO 650W,"45X 650W JinkoSolar TIGER NEO 3.0 Panel N-Type TOPCon
1X [3P] SAJ R6 20KW String Inverter
1X SEDA ATAP Application
TNB Smart Meter Application
Solar System Architecture Design
Electrical System Design
Roof and Site Surveying
Roof Panel Installation
Electrical Works
SkyLift",commercial,"75,350","57,190",Master Tec 6mm DC Cable,40,15,45,"MEGA Cable AC Cable: 10mm, Earth Cable: 10mm",5,EPS 3P 40A,Three Phase PV meter,14way
46,25,1X [3P] SAJ R6 25KW String Inverter,650W JinkoSolar TIGER NEO 3.0 Panel N-Type TOPCon,COMMERCIAL 46PCS JINKO 650W,"46X 650W JinkoSolar TIGER NEO 3.0 Panel N-Type TOPCon
1X [3P] SAJ R6 25KW String Inverter
1X SEDA ATAP Application
TNB Smart Meter Application
Solar System Architecture Design
Electrical System Design
Roof and Site Surveying
Roof Panel Installation
Electrical Works
SkyLift",commercial,"77,570","58,830",Master Tec 6mm DC Cable,40,15,46,"MEGA Cable AC Cable: 16mm, Earth Cable: 10mm",5,EPS 3P 40A,Three Phase PV meter,14way
47,25,1X [3P] SAJ R6 25KW String Inverter,650W JinkoSolar TIGER NEO 3.0 Panel N-Type TOPCon,COMMERCIAL 47PCS JINKO 650W,"47X 650W JinkoSolar TIGER NEO 3.0 Panel N-Type TOPCon
1X [3P] SAJ R6 25KW String Inverter
1X SEDA ATAP Application
TNB Smart Meter Application
Solar System Architecture Design
Electrical System Design
Roof and Site Surveying
Roof Panel Installation
Electrical Works
SkyLift",commercial,"78,830","59,760",Master Tec 6mm DC Cable,40,15,47,"MEGA Cable AC Cable: 16mm, Earth Cable: 10mm",5,EPS 3P 40A,Three Phase PV meter,14way
48,25,1X [3P] SAJ R6 25KW String Inverter,650W JinkoSolar TIGER NEO 3.0 Panel N-Type TOPCon,COMMERCIAL 48PCS JINKO 650W,"48X 650W JinkoSolar TIGER NEO 3.0 Panel N-Type TOPCon
1X [3P] SAJ R6 25KW String Inverter
1X SEDA ATAP Application
TNB Smart Meter Application
Solar System Architecture Design
Electrical System Design
Roof and Site Surveying
Roof Panel Installation
Electrical Works
SkyLift",commercial,"80,070","60,680",Master Tec 6mm DC Cable,40,15,48,"MEGA Cable AC Cable: 16mm, Earth Cable: 10mm",5,EPS 3P 40A,Three Phase PV meter,14way
49,25,1X [3P] SAJ R6 25KW String Inverter,650W JinkoSolar TIGER NEO 3.0 Panel N-Type TOPCon,COMMERCIAL 49PCS JINKO 650W,"49X 650W JinkoSolar TIGER NEO 3.0 Panel N-Type TOPCon
1X [3P] SAJ R6 25KW String Inverter
1X SEDA ATAP Application
TNB Smart Meter Application
Solar System Architecture Design
Electrical System Design
Roof and Site Surveying
Roof Panel Installation
Electrical Works
SkyLift",commercial,"81,360","61,620",Master Tec 6mm DC Cable,40,15,49,"MEGA Cable AC Cable: 16mm, Earth Cable: 10mm",5,EPS 3P 40A,Three Phase PV meter,14way
50,25,1X [3P] SAJ R6 25KW String Inverter,650W JinkoSolar TIGER NEO 3.0 Panel N-Type TOPCon,COMMERCIAL 50PCS JINKO 650W,"50X 650W JinkoSolar TIGER NEO 3.0 Panel N-Type TOPCon
1X [3P] SAJ R6 25KW String Inverter
1X SEDA ATAP Application
TNB Smart Meter Application
Solar System Architecture Design
Electrical System Design
Roof and Site Surveying
Roof Panel Installation
Electrical Works
SkyLift",commercial,"82,650","62,570",Master Tec 6mm DC Cable,40,15,50,"MEGA Cable AC Cable: 16mm, Earth Cable: 10mm",5,EPS 3P 40A,Three Phase PV meter,14way
51,25,1X [3P] SAJ R6 25KW String Inverter,650W JinkoSolar TIGER NEO 3.0 Panel N-Type TOPCon,COMMERCIAL 51PCS JINKO 650W,"51X 650W JinkoSolar TIGER NEO 3.0 Panel N-Type TOPCon
1X [3P] SAJ R6 25KW String Inverter
1X SEDA ATAP Application
TNB Smart Meter Application
Solar System Architecture Design
Electrical System Design
Roof and Site Surveying
Roof Panel Installation
Electrical Works
SkyLift",commercial,"83,940","63,520",Master Tec 6mm DC Cable,40,15,51,"MEGA Cable AC Cable: 16mm, Earth Cable: 10mm",5,EPS 3P 40A,Three Phase PV meter,14way
52,25,1X [3P] SAJ R6 25KW String Inverter,650W JinkoSolar TIGER NEO 3.0 Panel N-Type TOPCon,COMMERCIAL 52PCS JINKO 650W,"52X 650W JinkoSolar TIGER NEO 3.0 Panel N-Type TOPCon
1X [3P] SAJ R6 25KW String Inverter
1X SEDA ATAP Application
TNB Smart Meter Application
Solar System Architecture Design
Electrical System Design
Roof and Site Surveying
Roof Panel Installation
Electrical Works
SkyLift",commercial,"85,230","64,460",Master Tec 6mm DC Cable,40,15,52,"MEGA Cable AC Cable: 16mm, Earth Cable: 10mm",5,EPS 3P 40A,Three Phase PV meter,14way
53,25,1X [3P] SAJ R6 25KW String Inverter,650W JinkoSolar TIGER NEO 3.0 Panel N-Type TOPCon,COMMERCIAL 53PCS JINKO 650W,"53X 650W JinkoSolar TIGER NEO 3.0 Panel N-Type TOPCon
1X [3P] SAJ R6 25KW String Inverter
1X SEDA ATAP Application
TNB Smart Meter Application
Solar System Architecture Design
Electrical System Design
Roof and Site Surveying
Roof Panel Installation
Electrical Works
SkyLift",commercial,"86,510","65,410",Master Tec 6mm DC Cable,40,15,53,"MEGA Cable AC Cable: 16mm, Earth Cable: 10mm",5,EPS 3P 40A,Three Phase PV meter,14way
54,25,1X [3P] SAJ R6 25KW String Inverter,650W JinkoSolar TIGER NEO 3.0 Panel N-Type TOPCon,COMMERCIAL 54PCS JINKO 650W,"54X 650W JinkoSolar TIGER NEO 3.0 Panel N-Type TOPCon
1X [3P] SAJ R6 25KW String Inverter
1X SEDA ATAP Application
TNB Smart Meter Application
Solar System Architecture Design
Electrical System Design
Roof and Site Surveying
Roof Panel Installation
Electrical Works
SkyLift",commercial,"87,800","66,350",Master Tec 6mm DC Cable,40,15,54,"MEGA Cable AC Cable: 16mm, Earth Cable: 10mm",5,EPS 3P 40A,Three Phase PV meter,14way
55,25,1X [3P] SAJ R6 25KW String Inverter,650W JinkoSolar TIGER NEO 3.0 Panel N-Type TOPCon,COMMERCIAL 55PCS JINKO 650W,"55X 650W JinkoSolar TIGER NEO 3.0 Panel N-Type TOPCon
1X [3P] SAJ R6 25KW String Inverter
1X SEDA ATAP Application
TNB Smart Meter Application
Solar System Architecture Design
Electrical System Design
Roof and Site Surveying
Roof Panel Installation
Electrical Works
SkyLift",commercial,"89,090","67,300",Master Tec 6mm DC Cable,40,15,55,"MEGA Cable AC Cable: 16mm, Earth Cable: 10mm",5,EPS 3P 40A,Three Phase PV meter,14way
56,30,1X [3P] SAJ R6 30KW String Inverter,650W JinkoSolar TIGER NEO 3.0 Panel N-Type TOPCon,COMMERCIAL 56PCS JINKO 650W,"56X 650W JinkoSolar TIGER NEO 3.0 Panel N-Type TOPCon
1X [3P] SAJ R6 30KW String Inverter
1X SEDA ATAP Application
TNB Smart Meter Application
Solar System Architecture Design
Electrical System Design
Roof and Site Surveying
Roof Panel Installation
Electrical Works
SkyLift",commercial,"92,780","70,720",Master Tec 6mm DC Cable,40,20,56,"MEGA Cable AC Cable: 25mm, Earth Cable: 10mm",5,EPS 3P 63A,Three Phase PV meter,30way
57,30,1X [3P] SAJ R6 30KW String Inverter,650W JinkoSolar TIGER NEO 3.0 Panel N-Type TOPCon,COMMERCIAL 57PCS JINKO 650W,"57X 650W JinkoSolar TIGER NEO 3.0 Panel N-Type TOPCon
1X [3P] SAJ R6 30KW String Inverter
1X SEDA ATAP Application
TNB Smart Meter Application
Solar System Architecture Design
Electrical System Design
Roof and Site Surveying
Roof Panel Installation
Electrical Works
SkyLift",commercial,"94,060","71,660",Master Tec 6mm DC Cable,40,20,57,"MEGA Cable AC Cable: 25mm, Earth Cable: 10mm",5,EPS 3P 63A,Three Phase PV meter,30way
58,30,1X [3P] SAJ R6 30KW String Inverter,650W JinkoSolar TIGER NEO 3.0 Panel N-Type TOPCon,COMMERCIAL 58PCS JINKO 650W,"58X 650W JinkoSolar TIGER NEO 3.0 Panel N-Type TOPCon
1X [3P] SAJ R6 30KW String Inverter
1X SEDA ATAP Application
TNB Smart Meter Application
Solar System Architecture Design
Electrical System Design
Roof and Site Surveying
Roof Panel Installation
Electrical Works
SkyLift",commercial,"95,350","72,600",Master Tec 6mm DC Cable,40,20,58,"MEGA Cable AC Cable: 25mm, Earth Cable: 10mm",5,EPS 3P 63A,Three Phase PV meter,30way
59,30,1X [3P] SAJ R6 30KW String Inverter,650W JinkoSolar TIGER NEO 3.0 Panel N-Type TOPCon,COMMERCIAL 59PCS JINKO 650W,"59X 650W JinkoSolar TIGER NEO 3.0 Panel N-Type TOPCon
1X [3P] SAJ R6 30KW String Inverter
1X SEDA ATAP Application
TNB Smart Meter Application
Solar System Architecture Design
Electrical System Design
Roof and Site Surveying
Roof Panel Installation
Electrical Works
SkyLift",commercial,"96,630","73,540",Master Tec 6mm DC Cable,40,20,59,"MEGA Cable AC Cable: 25mm, Earth Cable: 10mm",5,EPS 3P 63A,Three Phase PV meter,30way
60,30,1X [3P] SAJ R6 30KW String Inverter,650W JinkoSolar TIGER NEO 3.0 Panel N-Type TOPCon,COMMERCIAL 60PCS JINKO 650W,"60X 650W JinkoSolar TIGER NEO 3.0 Panel N-Type TOPCon
1X [3P] SAJ R6 30KW String Inverter
1X SEDA ATAP Application
TNB Smart Meter Application
Solar System Architecture Design
Electrical System Design
Roof and Site Surveying
Roof Panel Installation
Electrical Works
SkyLift",commercial,"97,910","74,490",Master Tec 6mm DC Cable,40,20,60,"MEGA Cable AC Cable: 25mm, Earth Cable: 10mm",5,EPS 3P 63A,Three Phase PV meter,30way
61,30,1X [3P] SAJ R6 30KW String Inverter,650W JinkoSolar TIGER NEO 3.0 Panel N-Type TOPCon,COMMERCIAL 61PCS JINKO 650W,"61X 650W JinkoSolar TIGER NEO 3.0 Panel N-Type TOPCon
1X [3P] SAJ R6 30KW String Inverter
1X SEDA ATAP Application
TNB Smart Meter Application
Solar System Architecture Design
Electrical System Design
Roof and Site Surveying
Roof Panel Installation
Electrical Works
SkyLift",commercial,"99,200","75,440",Master Tec 6mm DC Cable,40,20,61,"MEGA Cable AC Cable: 25mm, Earth Cable: 10mm",5,EPS 3P 63A,Three Phase PV meter,30way
62,30,1X [3P] SAJ R6 30KW String Inverter,650W JinkoSolar TIGER NEO 3.0 Panel N-Type TOPCon,COMMERCIAL 62PCS JINKO 650W,"62X 650W JinkoSolar TIGER NEO 3.0 Panel N-Type TOPCon
1X [3P] SAJ R6 30KW String Inverter
1X SEDA ATAP Application
TNB Smart Meter Application
Solar System Architecture Design
Electrical System Design
Roof and Site Surveying
Roof Panel Installation
Electrical Works
SkyLift",commercial,"100,480","76,370",Master Tec 6mm DC Cable,40,20,62,"MEGA Cable AC Cable: 25mm, Earth Cable: 10mm",5,EPS 3P 63A,Three Phase PV meter,30way
63,30,1X [3P] SAJ R6 30KW String Inverter,650W JinkoSolar TIGER NEO 3.0 Panel N-Type TOPCon,COMMERCIAL 63PCS JINKO 650W,"63X 650W JinkoSolar TIGER NEO 3.0 Panel N-Type TOPCon
1X [3P] SAJ R6 30KW String Inverter
1X SEDA ATAP Application
TNB Smart Meter Application
Solar System Architecture Design
Electrical System Design
Roof and Site Surveying
Roof Panel Installation
Electrical Works
SkyLift",commercial,"101,760","77,320",Master Tec 6mm DC Cable,40,20,63,"MEGA Cable AC Cable: 25mm, Earth Cable: 10mm",5,EPS 3P 63A,Three Phase PV meter,30way
64,30,1X [3P] SAJ R6 30KW String Inverter,650W JinkoSolar TIGER NEO 3.0 Panel N-Type TOPCon,COMMERCIAL 64PCS JINKO 650W,"64X 650W JinkoSolar TIGER NEO 3.0 Panel N-Type TOPCon
1X [3P] SAJ R6 30KW String Inverter
1X SEDA ATAP Application
TNB Smart Meter Application
Solar System Architecture Design
Electrical System Design
Roof and Site Surveying
Roof Panel Installation
Electrical Works
SkyLift",commercial,"103,040","78,260",Master Tec 6mm DC Cable,40,20,64,"MEGA Cable AC Cable: 25mm, Earth Cable: 10mm",5,EPS 3P 63A,Three Phase PV meter,30way
65,30,1X [3P] SAJ R6 30KW String Inverter,650W JinkoSolar TIGER NEO 3.0 Panel N-Type TOPCon,COMMERCIAL 65PCS JINKO 650W,"65X 650W JinkoSolar TIGER NEO 3.0 Panel N-Type TOPCon
1X [3P] SAJ R6 30KW String Inverter
1X SEDA ATAP Application
TNB Smart Meter Application
Solar System Architecture Design
Electrical System Design
Roof and Site Surveying
Roof Panel Installation
Electrical Works
SkyLift",commercial,"104,320","79,200",Master Tec 6mm DC Cable,40,20,65,"MEGA Cable AC Cable: 25mm, Earth Cable: 10mm",5,EPS 3P 63A,Three Phase PV meter,30way
66,30,1X [3P] SAJ R6 30KW String Inverter,650W JinkoSolar TIGER NEO 3.0 Panel N-Type TOPCon,COMMERCIAL 66PCS JINKO 650W,"66X 650W JinkoSolar TIGER NEO 3.0 Panel N-Type TOPCon
1X [3P] SAJ R6 30KW String Inverter
1X SEDA ATAP Application
TNB Smart Meter Application
Solar System Architecture Design
Electrical System Design
Roof and Site Surveying
Roof Panel Installation
Electrical Works
SkyLift",commercial,"105,610","80,140",Master Tec 6mm DC Cable,40,20,66,"MEGA Cable AC Cable: 25mm, Earth Cable: 10mm",5,EPS 3P 63A,Three Phase PV meter,30way
67,30,1X [3P] SAJ R6 30KW String Inverter,650W JinkoSolar TIGER NEO 3.0 Panel N-Type TOPCon,COMMERCIAL 67PCS JINKO 650W,"67X 650W JinkoSolar TIGER NEO 3.0 Panel N-Type TOPCon
1X [3P] SAJ R6 30KW String Inverter
1X SEDA ATAP Application
TNB Smart Meter Application
Solar System Architecture Design
Electrical System Design
Roof and Site Surveying
Roof Panel Installation
Electrical Works
SkyLift",commercial,"106,890","81,080",Master Tec 6mm DC Cable,40,20,67,"MEGA Cable AC Cable: 25mm, Earth Cable: 10mm",5,EPS 3P 63A,Three Phase PV meter,30way
68,40,1X [3P] SAJ R6 40KW String Inverter,650W JinkoSolar TIGER NEO 3.0 Panel N-Type TOPCon,COMMERCIAL 68PCS JINKO 650W,"68X 650W JinkoSolar TIGER NEO 3.0 Panel N-Type TOPCon
1X [3P] SAJ R6 40KW String Inverter
1X SEDA ATAP Application
TNB Smart Meter Application
Solar System Architecture Design
Electrical System Design
Roof and Site Surveying
Roof Panel Installation
Electrical Works
SkyLift",commercial,"109,630","83,530",Master Tec 6mm DC Cable,40,30,68,"MEGA Cable AC Cable: 25mm, Earth Cable: 10mm",5,CHINT 3P 80A,Three Phase PV meter,30way
69,40,1X [3P] SAJ R6 40KW String Inverter,650W JinkoSolar TIGER NEO 3.0 Panel N-Type TOPCon,COMMERCIAL 69PCS JINKO 650W,"69X 650W JinkoSolar TIGER NEO 3.0 Panel N-Type TOPCon
1X [3P] SAJ R6 40KW String Inverter
1X SEDA ATAP Application
TNB Smart Meter Application
Solar System Architecture Design
Electrical System Design
Roof and Site Surveying
Roof Panel Installation
Electrical Works
SkyLift",commercial,"110,900","84,470",Master Tec 6mm DC Cable,40,30,69,"MEGA Cable AC Cable: 25mm, Earth Cable: 10mm",5,CHINT 3P 80A,Three Phase PV meter,30way
70,40,1X [3P] SAJ R6 40KW String Inverter,650W JinkoSolar TIGER NEO 3.0 Panel N-Type TOPCon,COMMERCIAL 70PCS JINKO 650W,"70X 650W JinkoSolar TIGER NEO 3.0 Panel N-Type TOPCon
1X [3P] SAJ R6 40KW String Inverter
1X SEDA ATAP Application
TNB Smart Meter Application
Solar System Architecture Design
Electrical System Design
Roof and Site Surveying
Roof Panel Installation
Electrical Works
SkyLift",commercial,"112,180","85,410",Master Tec 6mm DC Cable,40,30,70,"MEGA Cable AC Cable: 25mm, Earth Cable: 10mm",5,CHINT 3P 80A,Three Phase PV meter,30way
10,5,1X [3P] SAJ R6 5KW String Inverter,625W Astronergy ASTRO N7 Panel N-Type TOPCon,COMMERCIAL 10PCS ASTRONERGY 625W,"10X 625W Astronergy ASTRO N7 Panel N-Type TOPCon
 1X [3P] SAJ R6 5KW String Inverter
 1X SEDA ATAP Application
 TNB Smart Meter Application
 Solar System Architecture Design
 Electrical System Design
 Roof and Site Surveying
 Roof Panel Installation
 Electrical Works
 SkyLift",commercial,"25,260","20,600",Master Tec 6mm DC Cable,40,10,10,"MEGA Cable AC Cable: 6mm, Earth Cable: 6mm",5,EPS 3P 32A,Three Phase PV meter,10.5way
11,5,1X [3P] SAJ R6 5KW String Inverter,625W Astronergy ASTRO N7 Panel N-Type TOPCon,COMMERCIAL 11PCS ASTRONERGY 625W,"11X 625W Astronergy ASTRO N7 Panel N-Type TOPCon
 1X [3P] SAJ R6 5KW String Inverter
 1X SEDA ATAP Application
 TNB Smart Meter Application
 Solar System Architecture Design
 Electrical System Design
 Roof and Site Surveying
 Roof Panel Installation
 Electrical Works
 SkyLift",commercial,"26,470","21,550",Master Tec 6mm DC Cable,40,10,11,"MEGA Cable AC Cable: 6mm, Earth Cable: 6mm",5,EPS 3P 32A,Three Phase PV meter,10.5way
12,5,1X [3P] SAJ R6 5KW String Inverter,625W Astronergy ASTRO N7 Panel N-Type TOPCon,COMMERCIAL 12PCS ASTRONERGY 625W,"12X 625W Astronergy ASTRO N7 Panel N-Type TOPCon
 1X [3P] SAJ R6 5KW String Inverter
 1X SEDA ATAP Application
 TNB Smart Meter Application
 Solar System Architecture Design
 Electrical System Design
 Roof and Site Surveying
 Roof Panel Installation
 Electrical Works
 SkyLift",commercial,"27,750","22,560",Master Tec 6mm DC Cable,40,10,12,"MEGA Cable AC Cable: 6mm, Earth Cable: 6mm",5,EPS 3P 32A,Three Phase PV meter,10.5way
13,6,1X [3P] SAJ R6 6KW String Inverter,625W Astronergy ASTRO N7 Panel N-Type TOPCon,COMMERCIAL 13PCS ASTRONERGY 625W,"13X 625W Astronergy ASTRO N7 Panel N-Type TOPCon
 1X [3P] SAJ R6 6KW String Inverter
 1X SEDA ATAP Application
 TNB Smart Meter Application
 Solar System Architecture Design
 Electrical System Design
 Roof and Site Surveying
 Roof Panel Installation
 Electrical Works
 SkyLift",commercial,"28,960","23,510",Master Tec 6mm DC Cable,40,10,13,"MEGA Cable AC Cable: 6mm, Earth Cable: 6mm",5,EPS 3P 32A,Three Phase PV meter,10.5way
14,6,1X [3P] SAJ R6 6KW String Inverter,625W Astronergy ASTRO N7 Panel N-Type TOPCon,COMMERCIAL 14PCS ASTRONERGY 625W,"14X 625W Astronergy ASTRO N7 Panel N-Type TOPCon
 1X [3P] SAJ R6 6KW String Inverter
 1X SEDA ATAP Application
 TNB Smart Meter Application
 Solar System Architecture Design
 Electrical System Design
 Roof and Site Surveying
 Roof Panel Installation
 Electrical Works
 SkyLift",commercial,"30,300","24,560",Master Tec 6mm DC Cable,40,10,14,"MEGA Cable AC Cable: 6mm, Earth Cable: 6mm",5,EPS 3P 32A,Three Phase PV meter,10.5way
15,8,1X [3P] SAJ R6 8KW String Inverter,625W Astronergy ASTRO N7 Panel N-Type TOPCon,COMMERCIAL 15PCS ASTRONERGY 625W,"15X 625W Astronergy ASTRO N7 Panel N-Type TOPCon
 1X [3P] SAJ R6 8KW String Inverter
 1X SEDA ATAP Application
 TNB Smart Meter Application
 Solar System Architecture Design
 Electrical System Design
 Roof and Site Surveying
 Roof Panel Installation
 Electrical Works
 SkyLift",commercial,"31,520","25,520",Master Tec 6mm DC Cable,40,10,15,"MEGA Cable AC Cable: 6mm, Earth Cable: 6mm",5,EPS 3P 32A,Three Phase PV meter,10.5way
16,8,1X [3P] SAJ R6 8KW String Inverter,625W Astronergy ASTRO N7 Panel N-Type TOPCon,COMMERCIAL 16PCS ASTRONERGY 625W,"16X 625W Astronergy ASTRO N7 Panel N-Type TOPCon
 1X [3P] SAJ R6 8KW String Inverter
 1X SEDA ATAP Application
 TNB Smart Meter Application
 Solar System Architecture Design
 Electrical System Design
 Roof and Site Surveying
 Roof Panel Installation
 Electrical Works
 SkyLift",commercial,"32,720","26,470",Master Tec 6mm DC Cable,40,10,16,"MEGA Cable AC Cable: 6mm, Earth Cable: 6mm",5,EPS 3P 32A,Three Phase PV meter,10.5way
17,8,1X [3P] SAJ R6 8KW String Inverter,625W Astronergy ASTRO N7 Panel N-Type TOPCon,COMMERCIAL 17PCS ASTRONERGY 625W,"17X 625W Astronergy ASTRO N7 Panel N-Type TOPCon
 1X [3P] SAJ R6 8KW String Inverter
 1X SEDA ATAP Application
 TNB Smart Meter Application
 Solar System Architecture Design
 Electrical System Design
 Roof and Site Surveying
 Roof Panel Installation
 Electrical Works
 SkyLift",commercial,"33,920","27,420",Master Tec 6mm DC Cable,40,10,17,"MEGA Cable AC Cable: 6mm, Earth Cable: 6mm",5,EPS 3P 32A,Three Phase PV meter,10.5way
18,8,1X [3P] SAJ R6 8KW String Inverter,625W Astronergy ASTRO N7 Panel N-Type TOPCon,COMMERCIAL 18PCS ASTRONERGY 625W,"18X 625W Astronergy ASTRO N7 Panel N-Type TOPCon
 1X [3P] SAJ R6 8KW String Inverter
 1X SEDA ATAP Application
 TNB Smart Meter Application
 Solar System Architecture Design
 Electrical System Design
 Roof and Site Surveying
 Roof Panel Installation
 Electrical Works
 SkyLift",commercial,"35,140","28,370",Master Tec 6mm DC Cable,40,10,18,"MEGA Cable AC Cable: 6mm, Earth Cable: 6mm",5,EPS 3P 32A,Three Phase PV meter,10.5way
19,10,1X [3P] SAJ R6 10KW String Inverter,625W Astronergy ASTRO N7 Panel N-Type TOPCon,COMMERCIAL 19PCS ASTRONERGY 625W,"19X 625W Astronergy ASTRO N7 Panel N-Type TOPCon
 1X [3P] SAJ R6 10KW String Inverter
 1X SEDA ATAP Application
 TNB Smart Meter Application
 Solar System Architecture Design
 Electrical System Design
 Roof and Site Surveying
 Roof Panel Installation
 Electrical Works
 SkyLift",commercial,"36,480","29,140",Master Tec 6mm DC Cable,40,10,19,"MEGA Cable AC Cable: 6mm, Earth Cable: 6mm",5,EPS 3P 32A,Three Phase PV meter,10.5way
20,10,1X [3P] SAJ R6 10KW String Inverter,625W Astronergy ASTRO N7 Panel N-Type TOPCon,COMMERCIAL 20PCS ASTRONERGY 625W,"20X 625W Astronergy ASTRO N7 Panel N-Type TOPCon
 1X [3P] SAJ R6 10KW String Inverter
 1X SEDA ATAP Application
 TNB Smart Meter Application
 Solar System Architecture Design
 Electrical System Design
 Roof and Site Surveying
 Roof Panel Installation
 Electrical Works
 SkyLift",commercial,"37,560","29,660",Master Tec 6mm DC Cable,40,10,20,"MEGA Cable AC Cable: 6mm, Earth Cable: 6mm",5,EPS 3P 32A,Three Phase PV meter,10.5way
21,10,1X [3P] SAJ R6 10KW String Inverter,625W Astronergy ASTRO N7 Panel N-Type TOPCon,COMMERCIAL 21PCS ASTRONERGY 625W,"21X 625W Astronergy ASTRO N7 Panel N-Type TOPCon
 1X [3P] SAJ R6 10KW String Inverter
 1X SEDA ATAP Application
 TNB Smart Meter Application
 Solar System Architecture Design
 Electrical System Design
 Roof and Site Surveying
 Roof Panel Installation
 Electrical Works
 SkyLift",commercial,"38,770","30,300",Master Tec 6mm DC Cable,40,10,21,"MEGA Cable AC Cable: 6mm, Earth Cable: 6mm",5,EPS 3P 32A,Three Phase PV meter,10.5way
22,10,1X [3P] SAJ R6 10KW String Inverter,625W Astronergy ASTRO N7 Panel N-Type TOPCon,COMMERCIAL 22PCS ASTRONERGY 625W,"22X 625W Astronergy ASTRO N7 Panel N-Type TOPCon
 1X [3P] SAJ R6 10KW String Inverter
 1X SEDA ATAP Application
 TNB Smart Meter Application
 Solar System Architecture Design
 Electrical System Design
 Roof and Site Surveying
 Roof Panel Installation
 Electrical Works
 SkyLift",commercial,"39,960","30,920",Master Tec 6mm DC Cable,40,10,22,"MEGA Cable AC Cable: 6mm, Earth Cable: 6mm",5,EPS 3P 32A,Three Phase PV meter,10.5way
23,12,1X [3P] SAJ R6 12KW String Inverter,625W Astronergy ASTRO N7 Panel N-Type TOPCon,COMMERCIAL 23PCS ASTRONERGY 625W,"23X 625W Astronergy ASTRO N7 Panel N-Type TOPCon
 1X [3P] SAJ R6 12KW String Inverter
 1X SEDA ATAP Application
 TNB Smart Meter Application
 Solar System Architecture Design
 Electrical System Design
 Roof and Site Surveying
 Roof Panel Installation
 Electrical Works
 SkyLift",commercial,"41,280","31,610",Master Tec 6mm DC Cable,40,10,23,"MEGA Cable AC Cable: 6mm, Earth Cable: 6mm",5,EPS 3P 32A,Three Phase PV meter,10.5way
24,12,1X [3P] SAJ R6 12KW String Inverter,625W Astronergy ASTRO N7 Panel N-Type TOPCon,COMMERCIAL 24PCS ASTRONERGY 625W,"24X 625W Astronergy ASTRO N7 Panel N-Type TOPCon
 1X [3P] SAJ R6 12KW String Inverter
 1X SEDA ATAP Application
 TNB Smart Meter Application
 Solar System Architecture Design
 Electrical System Design
 Roof and Site Surveying
 Roof Panel Installation
 Electrical Works
 SkyLift",commercial,"42,490","32,510",Master Tec 6mm DC Cable,40,10,24,"MEGA Cable AC Cable: 6mm, Earth Cable: 6mm",5,EPS 3P 32A,Three Phase PV meter,10.5way
25,12,1X [3P] SAJ R6 12KW String Inverter,625W Astronergy ASTRO N7 Panel N-Type TOPCon,COMMERCIAL 25PCS ASTRONERGY 625W,"25X 625W Astronergy ASTRO N7 Panel N-Type TOPCon
 1X [3P] SAJ R6 12KW String Inverter
 1X SEDA ATAP Application
 TNB Smart Meter Application
 Solar System Architecture Design
 Electrical System Design
 Roof and Site Surveying
 Roof Panel Installation
 Electrical Works
 SkyLift",commercial,"43,680","33,390",Master Tec 6mm DC Cable,40,10,25,"MEGA Cable AC Cable: 6mm, Earth Cable: 6mm",5,EPS 3P 32A,Three Phase PV meter,10.5way
26,12,1X [3P] SAJ R6 12KW String Inverter,625W Astronergy ASTRO N7 Panel N-Type TOPCon,COMMERCIAL 26PCS ASTRONERGY 625W,"26X 625W Astronergy ASTRO N7 Panel N-Type TOPCon
 1X [3P] SAJ R6 12KW String Inverter
 1X SEDA ATAP Application
 TNB Smart Meter Application
 Solar System Architecture Design
 Electrical System Design
 Roof and Site Surveying
 Roof Panel Installation
 Electrical Works
 SkyLift",commercial,"44,880","34,280",Master Tec 6mm DC Cable,40,10,26,"MEGA Cable AC Cable: 6mm, Earth Cable: 6mm",5,EPS 3P 32A,Three Phase PV meter,10.5way
27,12,1X [3P] SAJ R6 12KW String Inverter,625W Astronergy ASTRO N7 Panel N-Type TOPCon,COMMERCIAL 27PCS ASTRONERGY 625W,"27X 625W Astronergy ASTRO N7 Panel N-Type TOPCon
 1X [3P] SAJ R6 12KW String Inverter
 1X SEDA ATAP Application
 TNB Smart Meter Application
 Solar System Architecture Design
 Electrical System Design
 Roof and Site Surveying
 Roof Panel Installation
 Electrical Works
 SkyLift",commercial,"46,070","35,190",Master Tec 6mm DC Cable,40,10,27,"MEGA Cable AC Cable: 6mm, Earth Cable: 6mm",5,EPS 3P 32A,Three Phase PV meter,10.5way
28,15,1X [3P] SAJ R6 15KW String Inverter,625W Astronergy ASTRO N7 Panel N-Type TOPCon,COMMERCIAL 28PCS ASTRONERGY 625W,"28X 625W Astronergy ASTRO N7 Panel N-Type TOPCon
 1X [3P] SAJ R6 15KW String Inverter
 1X SEDA ATAP Application
 TNB Smart Meter Application
 Solar System Architecture Design
 Electrical System Design
 Roof and Site Surveying
 Roof Panel Installation
 Electrical Works
 SkyLift",commercial,"48,300","36,230",Master Tec 6mm DC Cable,40,15,28,"MEGA Cable AC Cable: 6mm, Earth Cable: 6mm",5,EPS 3P 32A,Three Phase PV meter,14way
29,15,1X [3P] SAJ R6 15KW String Inverter,625W Astronergy ASTRO N7 Panel N-Type TOPCon,COMMERCIAL 29PCS ASTRONERGY 625W,"29X 625W Astronergy ASTRO N7 Panel N-Type TOPCon
 1X [3P] SAJ R6 15KW String Inverter
 1X SEDA ATAP Application
 TNB Smart Meter Application
 Solar System Architecture Design
 Electrical System Design
 Roof and Site Surveying
 Roof Panel Installation
 Electrical Works
 SkyLift",commercial,"50,000","37,050",Master Tec 6mm DC Cable,40,15,29,"MEGA Cable AC Cable: 6mm, Earth Cable: 6mm",5,EPS 3P 32A,Three Phase PV meter,14way
30,15,1X [3P] SAJ R6 15KW String Inverter,625W Astronergy ASTRO N7 Panel N-Type TOPCon,COMMERCIAL 30PCS ASTRONERGY 625W,"30X 625W Astronergy ASTRO N7 Panel N-Type TOPCon
 1X [3P] SAJ R6 15KW String Inverter
 1X SEDA ATAP Application
 TNB Smart Meter Application
 Solar System Architecture Design
 Electrical System Design
 Roof and Site Surveying
 Roof Panel Installation
 Electrical Works
 SkyLift",commercial,"51,490","38,210",Master Tec 6mm DC Cable,40,15,30,"MEGA Cable AC Cable: 6mm, Earth Cable: 6mm",5,EPS 3P 32A,Three Phase PV meter,14way
31,15,1X [3P] SAJ R6 15KW String Inverter,625W Astronergy ASTRO N7 Panel N-Type TOPCon,COMMERCIAL 31PCS ASTRONERGY 625W,"31X 625W Astronergy ASTRO N7 Panel N-Type TOPCon
 1X [3P] SAJ R6 15KW String Inverter
 1X SEDA ATAP Application
 TNB Smart Meter Application
 Solar System Architecture Design
 Electrical System Design
 Roof and Site Surveying
 Roof Panel Installation
 Electrical Works
 SkyLift",commercial,"52,680","39,070",Master Tec 6mm DC Cable,40,15,31,"MEGA Cable AC Cable: 6mm, Earth Cable: 6mm",5,EPS 3P 32A,Three Phase PV meter,14way
32,15,1X [3P] SAJ R6 15KW String Inverter,625W Astronergy ASTRO N7 Panel N-Type TOPCon,COMMERCIAL 32PCS ASTRONERGY 625W,"32X 625W Astronergy ASTRO N7 Panel N-Type TOPCon
 1X [3P] SAJ R6 15KW String Inverter
 1X SEDA ATAP Application
 TNB Smart Meter Application
 Solar System Architecture Design
 Electrical System Design
 Roof and Site Surveying
 Roof Panel Installation
 Electrical Works
 SkyLift",commercial,"53,870","39,940",Master Tec 6mm DC Cable,40,15,32,"MEGA Cable AC Cable: 6mm, Earth Cable: 6mm",5,EPS 3P 32A,Three Phase PV meter,14way
33,15,1X [3P] SAJ R6 15KW String Inverter,625W Astronergy ASTRO N7 Panel N-Type TOPCon,COMMERCIAL 33PCS ASTRONERGY 625W,"33X 625W Astronergy ASTRO N7 Panel N-Type TOPCon
 1X [3P] SAJ R6 15KW String Inverter
 1X SEDA ATAP Application
 TNB Smart Meter Application
 Solar System Architecture Design
 Electrical System Design
 Roof and Site Surveying
 Roof Panel Installation
 Electrical Works
 SkyLift",commercial,"55,060","40,800",Master Tec 6mm DC Cable,40,15,33,"MEGA Cable AC Cable: 6mm, Earth Cable: 6mm",5,EPS 3P 32A,Three Phase PV meter,14way
34,15,1X [3P] SAJ R6 15KW String Inverter,625W Astronergy ASTRO N7 Panel N-Type TOPCon,COMMERCIAL 34PCS ASTRONERGY 625W,"34X 625W Astronergy ASTRO N7 Panel N-Type TOPCon
 1X [3P] SAJ R6 15KW String Inverter
 1X SEDA ATAP Application
 TNB Smart Meter Application
 Solar System Architecture Design
 Electrical System Design
 Roof and Site Surveying
 Roof Panel Installation
 Electrical Works
 SkyLift",commercial,"56,250","41,660",Master Tec 6mm DC Cable,40,15,34,"MEGA Cable AC Cable: 6mm, Earth Cable: 6mm",5,EPS 3P 32A,Three Phase PV meter,14way
35,20,1X [3P] SAJ R6 20KW String Inverter,625W Astronergy ASTRO N7 Panel N-Type TOPCon,COMMERCIAL 35PCS ASTRONERGY 625W,"35X 625W Astronergy ASTRO N7 Panel N-Type TOPCon
 1X [3P] SAJ R6 20KW String Inverter
 1X SEDA ATAP Application
 TNB Smart Meter Application
 Solar System Architecture Design
 Electrical System Design
 Roof and Site Surveying
 Roof Panel Installation
 Electrical Works
 SkyLift",commercial,"58,020","43,080",Master Tec 6mm DC Cable,40,15,35,"MEGA Cable AC Cable: 10mm, Earth Cable: 10mm",5,EPS 3P 40A,Three Phase PV meter,14way
36,20,1X [3P] SAJ R6 20KW String Inverter,625W Astronergy ASTRO N7 Panel N-Type TOPCon,COMMERCIAL 36PCS ASTRONERGY 625W,"36X 625W Astronergy ASTRO N7 Panel N-Type TOPCon
 1X [3P] SAJ R6 20KW String Inverter
 1X SEDA ATAP Application
 TNB Smart Meter Application
 Solar System Architecture Design
 Electrical System Design
 Roof and Site Surveying
 Roof Panel Installation
 Electrical Works
 SkyLift",commercial,"59,200","43,930",Master Tec 6mm DC Cable,40,15,36,"MEGA Cable AC Cable: 10mm, Earth Cable: 10mm",5,EPS 3P 40A,Three Phase PV meter,14way
37,20,1X [3P] SAJ R6 20KW String Inverter,625W Astronergy ASTRO N7 Panel N-Type TOPCon,COMMERCIAL 37PCS ASTRONERGY 625W,"37X 625W Astronergy ASTRO N7 Panel N-Type TOPCon
 1X [3P] SAJ R6 20KW String Inverter
 1X SEDA ATAP Application
 TNB Smart Meter Application
 Solar System Architecture Design
 Electrical System Design
 Roof and Site Surveying
 Roof Panel Installation
 Electrical Works
 SkyLift",commercial,"62,500","46,950",Master Tec 6mm DC Cable,40,15,37,"MEGA Cable AC Cable: 10mm, Earth Cable: 10mm",5,EPS 3P 40A,Three Phase PV meter,14way
38,20,1X [3P] SAJ R6 20KW String Inverter,625W Astronergy ASTRO N7 Panel N-Type TOPCon,COMMERCIAL 38PCS ASTRONERGY 625W,"38X 625W Astronergy ASTRO N7 Panel N-Type TOPCon
 1X [3P] SAJ R6 20KW String Inverter
 1X SEDA ATAP Application
 TNB Smart Meter Application
 Solar System Architecture Design
 Electrical System Design
 Roof and Site Surveying
 Roof Panel Installation
 Electrical Works
 SkyLift",commercial,"63,680","47,810",Master Tec 6mm DC Cable,40,15,38,"MEGA Cable AC Cable: 10mm, Earth Cable: 10mm",5,EPS 3P 40A,Three Phase PV meter,14way
39,20,1X [3P] SAJ R6 20KW String Inverter,625W Astronergy ASTRO N7 Panel N-Type TOPCon,COMMERCIAL 39PCS ASTRONERGY 625W,"39X 625W Astronergy ASTRO N7 Panel N-Type TOPCon
 1X [3P] SAJ R6 20KW String Inverter
 1X SEDA ATAP Application
 TNB Smart Meter Application
 Solar System Architecture Design
 Electrical System Design
 Roof and Site Surveying
 Roof Panel Installation
 Electrical Works
 SkyLift",commercial,"64,860","48,680",Master Tec 6mm DC Cable,40,15,39,"MEGA Cable AC Cable: 10mm, Earth Cable: 10mm",5,EPS 3P 40A,Three Phase PV meter,14way
40,20,1X [3P] SAJ R6 20KW String Inverter,625W Astronergy ASTRO N7 Panel N-Type TOPCon,COMMERCIAL 40PCS ASTRONERGY 625W,"40X 625W Astronergy ASTRO N7 Panel N-Type TOPCon
 1X [3P] SAJ R6 20KW String Inverter
 1X SEDA ATAP Application
 TNB Smart Meter Application
 Solar System Architecture Design
 Electrical System Design
 Roof and Site Surveying
 Roof Panel Installation
 Electrical Works
 SkyLift",commercial,"66,280","49,760",Master Tec 6mm DC Cable,40,15,40,"MEGA Cable AC Cable: 10mm, Earth Cable: 10mm",5,EPS 3P 40A,Three Phase PV meter,14way
41,20,1X [3P] SAJ R6 20KW String Inverter,625W Astronergy ASTRO N7 Panel N-Type TOPCon,COMMERCIAL 41PCS ASTRONERGY 625W,"41X 625W Astronergy ASTRO N7 Panel N-Type TOPCon
 1X [3P] SAJ R6 20KW String Inverter
 1X SEDA ATAP Application
 TNB Smart Meter Application
 Solar System Architecture Design
 Electrical System Design
 Roof and Site Surveying
 Roof Panel Installation
 Electrical Works
 SkyLift",commercial,"67,460","50,620",Master Tec 6mm DC Cable,40,15,41,"MEGA Cable AC Cable: 10mm, Earth Cable: 10mm",5,EPS 3P 40A,Three Phase PV meter,14way
42,20,1X [3P] SAJ R6 20KW String Inverter,625W Astronergy ASTRO N7 Panel N-Type TOPCon,COMMERCIAL 42PCS ASTRONERGY 625W,"42X 625W Astronergy ASTRO N7 Panel N-Type TOPCon
 1X [3P] SAJ R6 20KW String Inverter
 1X SEDA ATAP Application
 TNB Smart Meter Application
 Solar System Architecture Design
 Electrical System Design
 Roof and Site Surveying
 Roof Panel Installation
 Electrical Works
 SkyLift",commercial,"68,650","51,470",Master Tec 6mm DC Cable,40,15,42,"MEGA Cable AC Cable: 10mm, Earth Cable: 10mm",5,EPS 3P 40A,Three Phase PV meter,14way
43,20,1X [3P] SAJ R6 20KW String Inverter,625W Astronergy ASTRO N7 Panel N-Type TOPCon,COMMERCIAL 43PCS ASTRONERGY 625W,"43X 625W Astronergy ASTRO N7 Panel N-Type TOPCon
 1X [3P] SAJ R6 20KW String Inverter
 1X SEDA ATAP Application
 TNB Smart Meter Application
 Solar System Architecture Design
 Electrical System Design
 Roof and Site Surveying
 Roof Panel Installation
 Electrical Works
 SkyLift",commercial,"69,830","52,330",Master Tec 6mm DC Cable,40,15,43,"MEGA Cable AC Cable: 10mm, Earth Cable: 10mm",5,EPS 3P 40A,Three Phase PV meter,14way
44,20,1X [3P] SAJ R6 20KW String Inverter,625W Astronergy ASTRO N7 Panel N-Type TOPCon,COMMERCIAL 44PCS ASTRONERGY 625W,"44X 625W Astronergy ASTRO N7 Panel N-Type TOPCon
 1X [3P] SAJ R6 20KW String Inverter
 1X SEDA ATAP Application
 TNB Smart Meter Application
 Solar System Architecture Design
 Electrical System Design
 Roof and Site Surveying
 Roof Panel Installation
 Electrical Works
 SkyLift",commercial,"71,010","53,190",Master Tec 6mm DC Cable,40,15,44,"MEGA Cable AC Cable: 10mm, Earth Cable: 10mm",5,EPS 3P 40A,Three Phase PV meter,14way
45,20,1X [3P] SAJ R6 20KW String Inverter,625W Astronergy ASTRO N7 Panel N-Type TOPCon,COMMERCIAL 45PCS ASTRONERGY 625W,"45X 625W Astronergy ASTRO N7 Panel N-Type TOPCon
 1X [3P] SAJ R6 20KW String Inverter
 1X SEDA ATAP Application
 TNB Smart Meter Application
 Solar System Architecture Design
 Electrical System Design
 Roof and Site Surveying
 Roof Panel Installation
 Electrical Works
 SkyLift",commercial,"72,200","54,040",Master Tec 6mm DC Cable,40,15,45,"MEGA Cable AC Cable: 10mm, Earth Cable: 10mm",5,EPS 3P 40A,Three Phase PV meter,14way
46,25,1X [3P] SAJ R6 25KW String Inverter,625W Astronergy ASTRO N7 Panel N-Type TOPCon,COMMERCIAL 46PCS ASTRONERGY 625W,"46X 625W Astronergy ASTRO N7 Panel N-Type TOPCon
 1X [3P] SAJ R6 25KW String Inverter
 1X SEDA ATAP Application
 TNB Smart Meter Application
 Solar System Architecture Design
 Electrical System Design
 Roof and Site Surveying
 Roof Panel Installation
 Electrical Works
 SkyLift",commercial,"74,350","55,610",Master Tec 6mm DC Cable,40,15,46,"MEGA Cable AC Cable: 16mm, Earth Cable: 10mm",5,EPS 3P 40A,Three Phase PV meter,14way
47,25,1X [3P] SAJ R6 25KW String Inverter,625W Astronergy ASTRO N7 Panel N-Type TOPCon,COMMERCIAL 47PCS ASTRONERGY 625W,"47X 625W Astronergy ASTRO N7 Panel N-Type TOPCon
 1X [3P] SAJ R6 25KW String Inverter
 1X SEDA ATAP Application
 TNB Smart Meter Application
 Solar System Architecture Design
 Electrical System Design
 Roof and Site Surveying
 Roof Panel Installation
 Electrical Works
 SkyLift",commercial,"75,540","56,470",Master Tec 6mm DC Cable,40,15,47,"MEGA Cable AC Cable: 16mm, Earth Cable: 10mm",5,EPS 3P 40A,Three Phase PV meter,14way
48,25,1X [3P] SAJ R6 25KW String Inverter,625W Astronergy ASTRO N7 Panel N-Type TOPCon,COMMERCIAL 48PCS ASTRONERGY 625W,"48X 625W Astronergy ASTRO N7 Panel N-Type TOPCon
 1X [3P] SAJ R6 25KW String Inverter
 1X SEDA ATAP Application
 TNB Smart Meter Application
 Solar System Architecture Design
 Electrical System Design
 Roof and Site Surveying
 Roof Panel Installation
 Electrical Works
 SkyLift",commercial,"76,710","57,320",Master Tec 6mm DC Cable,40,15,48,"MEGA Cable AC Cable: 16mm, Earth Cable: 10mm",5,EPS 3P 40A,Three Phase PV meter,14way
49,25,1X [3P] SAJ R6 25KW String Inverter,625W Astronergy ASTRO N7 Panel N-Type TOPCon,COMMERCIAL 49PCS ASTRONERGY 625W,"49X 625W Astronergy ASTRO N7 Panel N-Type TOPCon
 1X [3P] SAJ R6 25KW String Inverter
 1X SEDA ATAP Application
 TNB Smart Meter Application
 Solar System Architecture Design
 Electrical System Design
 Roof and Site Surveying
 Roof Panel Installation
 Electrical Works
 SkyLift",commercial,"77,930","58,190",Master Tec 6mm DC Cable,40,15,49,"MEGA Cable AC Cable: 16mm, Earth Cable: 10mm",5,EPS 3P 40A,Three Phase PV meter,14way
50,25,1X [3P] SAJ R6 25KW String Inverter,625W Astronergy ASTRO N7 Panel N-Type TOPCon,COMMERCIAL 50PCS ASTRONERGY 625W,"50X 625W Astronergy ASTRO N7 Panel N-Type TOPCon
 1X [3P] SAJ R6 25KW String Inverter
 1X SEDA ATAP Application
 TNB Smart Meter Application
 Solar System Architecture Design
 Electrical System Design
 Roof and Site Surveying
 Roof Panel Installation
 Electrical Works
 SkyLift",commercial,"79,150","59,070",Master Tec 6mm DC Cable,40,15,50,"MEGA Cable AC Cable: 16mm, Earth Cable: 10mm",5,EPS 3P 40A,Three Phase PV meter,14way
51,25,1X [3P] SAJ R6 25KW String Inverter,625W Astronergy ASTRO N7 Panel N-Type TOPCon,COMMERCIAL 51PCS ASTRONERGY 625W,"51X 625W Astronergy ASTRO N7 Panel N-Type TOPCon
 1X [3P] SAJ R6 25KW String Inverter
 1X SEDA ATAP Application
 TNB Smart Meter Application
 Solar System Architecture Design
 Electrical System Design
 Roof and Site Surveying
 Roof Panel Installation
 Electrical Works
 SkyLift",commercial,"80,370","59,950",Master Tec 6mm DC Cable,40,15,51,"MEGA Cable AC Cable: 16mm, Earth Cable: 10mm",5,EPS 3P 40A,Three Phase PV meter,14way
52,25,1X [3P] SAJ R6 25KW String Inverter,625W Astronergy ASTRO N7 Panel N-Type TOPCon,COMMERCIAL 52PCS ASTRONERGY 625W,"52X 625W Astronergy ASTRO N7 Panel N-Type TOPCon
 1X [3P] SAJ R6 25KW String Inverter
 1X SEDA ATAP Application
 TNB Smart Meter Application
 Solar System Architecture Design
 Electrical System Design
 Roof and Site Surveying
 Roof Panel Installation
 Electrical Works
 SkyLift",commercial,"81,590","60,820",Master Tec 6mm DC Cable,40,15,52,"MEGA Cable AC Cable: 16mm, Earth Cable: 10mm",5,EPS 3P 40A,Three Phase PV meter,14way
53,25,1X [3P] SAJ R6 25KW String Inverter,625W Astronergy ASTRO N7 Panel N-Type TOPCon,COMMERCIAL 53PCS ASTRONERGY 625W,"53X 625W Astronergy ASTRO N7 Panel N-Type TOPCon
 1X [3P] SAJ R6 25KW String Inverter
 1X SEDA ATAP Application
 TNB Smart Meter Application
 Solar System Architecture Design
 Electrical System Design
 Roof and Site Surveying
 Roof Panel Installation
 Electrical Works
 SkyLift",commercial,"82,800","61,700",Master Tec 6mm DC Cable,40,15,53,"MEGA Cable AC Cable: 16mm, Earth Cable: 10mm",5,EPS 3P 40A,Three Phase PV meter,14way
54,25,1X [3P] SAJ R6 25KW String Inverter,625W Astronergy ASTRO N7 Panel N-Type TOPCon,COMMERCIAL 54PCS ASTRONERGY 625W,"54X 625W Astronergy ASTRO N7 Panel N-Type TOPCon
 1X [3P] SAJ R6 25KW String Inverter
 1X SEDA ATAP Application
 TNB Smart Meter Application
 Solar System Architecture Design
 Electrical System Design
 Roof and Site Surveying
 Roof Panel Installation
 Electrical Works
 SkyLift",commercial,"84,020","62,570",Master Tec 6mm DC Cable,40,15,54,"MEGA Cable AC Cable: 16mm, Earth Cable: 10mm",5,EPS 3P 40A,Three Phase PV meter,14way
55,25,1X [3P] SAJ R6 25KW String Inverter,625W Astronergy ASTRO N7 Panel N-Type TOPCon,COMMERCIAL 55PCS ASTRONERGY 625W,"55X 625W Astronergy ASTRO N7 Panel N-Type TOPCon
 1X [3P] SAJ R6 25KW String Inverter
 1X SEDA ATAP Application
 TNB Smart Meter Application
 Solar System Architecture Design
 Electrical System Design
 Roof and Site Surveying
 Roof Panel Installation
 Electrical Works
 SkyLift",commercial,"85,240","63,450",Master Tec 6mm DC Cable,40,15,55,"MEGA Cable AC Cable: 16mm, Earth Cable: 10mm",5,EPS 3P 40A,Three Phase PV meter,14way
56,30,1X [3P] SAJ R6 30KW String Inverter,625W Astronergy ASTRO N7 Panel N-Type TOPCon,COMMERCIAL 56PCS ASTRONERGY 625W,"56X 625W Astronergy ASTRO N7 Panel N-Type TOPCon
 1X [3P] SAJ R6 30KW String Inverter
 1X SEDA ATAP Application
 TNB Smart Meter Application
 Solar System Architecture Design
 Electrical System Design
 Roof and Site Surveying
 Roof Panel Installation
 Electrical Works
 SkyLift",commercial,"88,860","66,800",Master Tec 6mm DC Cable,40,20,56,"MEGA Cable AC Cable: 25mm, Earth Cable: 10mm",5,EPS 3P 63A,Three Phase PV meter,30way
57,30,1X [3P] SAJ R6 30KW String Inverter,625W Astronergy ASTRO N7 Panel N-Type TOPCon,COMMERCIAL 57PCS ASTRONERGY 625W,"57X 625W Astronergy ASTRO N7 Panel N-Type TOPCon
 1X [3P] SAJ R6 30KW String Inverter
 1X SEDA ATAP Application
 TNB Smart Meter Application
 Solar System Architecture Design
 Electrical System Design
 Roof and Site Surveying
 Roof Panel Installation
 Electrical Works
 SkyLift",commercial,"90,070","67,670",Master Tec 6mm DC Cable,40,20,57,"MEGA Cable AC Cable: 25mm, Earth Cable: 10mm",5,EPS 3P 63A,Three Phase PV meter,30way
58,30,1X [3P] SAJ R6 30KW String Inverter,625W Astronergy ASTRO N7 Panel N-Type TOPCon,COMMERCIAL 58PCS ASTRONERGY 625W,"58X 625W Astronergy ASTRO N7 Panel N-Type TOPCon
 1X [3P] SAJ R6 30KW String Inverter
 1X SEDA ATAP Application
 TNB Smart Meter Application
 Solar System Architecture Design
 Electrical System Design
 Roof and Site Surveying
 Roof Panel Installation
 Electrical Works
 SkyLift",commercial,"91,290","68,540",Master Tec 6mm DC Cable,40,20,58,"MEGA Cable AC Cable: 25mm, Earth Cable: 10mm",5,EPS 3P 63A,Three Phase PV meter,30way
59,30,1X [3P] SAJ R6 30KW String Inverter,625W Astronergy ASTRO N7 Panel N-Type TOPCon,COMMERCIAL 59PCS ASTRONERGY 625W,"59X 625W Astronergy ASTRO N7 Panel N-Type TOPCon
 1X [3P] SAJ R6 30KW String Inverter
 1X SEDA ATAP Application
 TNB Smart Meter Application
 Solar System Architecture Design
 Electrical System Design
 Roof and Site Surveying
 Roof Panel Installation
 Electrical Works
 SkyLift",commercial,"92,500","69,410",Master Tec 6mm DC Cable,40,20,59,"MEGA Cable AC Cable: 25mm, Earth Cable: 10mm",5,EPS 3P 63A,Three Phase PV meter,30way
60,30,1X [3P] SAJ R6 30KW String Inverter,625W Astronergy ASTRO N7 Panel N-Type TOPCon,COMMERCIAL 60PCS ASTRONERGY 625W,"60X 625W Astronergy ASTRO N7 Panel N-Type TOPCon
 1X [3P] SAJ R6 30KW String Inverter
 1X SEDA ATAP Application
 TNB Smart Meter Application
 Solar System Architecture Design
 Electrical System Design
 Roof and Site Surveying
 Roof Panel Installation
 Electrical Works
 SkyLift",commercial,"93,710","70,290",Master Tec 6mm DC Cable,40,20,60,"MEGA Cable AC Cable: 25mm, Earth Cable: 10mm",5,EPS 3P 63A,Three Phase PV meter,30way
61,30,1X [3P] SAJ R6 30KW String Inverter,625W Astronergy ASTRO N7 Panel N-Type TOPCon,COMMERCIAL 61PCS ASTRONERGY 625W,"61X 625W Astronergy ASTRO N7 Panel N-Type TOPCon
 1X [3P] SAJ R6 30KW String Inverter
 1X SEDA ATAP Application
 TNB Smart Meter Application
 Solar System Architecture Design
 Electrical System Design
 Roof and Site Surveying
 Roof Panel Installation
 Electrical Works
 SkyLift",commercial,"94,930","71,170",Master Tec 6mm DC Cable,40,20,61,"MEGA Cable AC Cable: 25mm, Earth Cable: 10mm",5,EPS 3P 63A,Three Phase PV meter,30way
62,30,1X [3P] SAJ R6 30KW String Inverter,625W Astronergy ASTRO N7 Panel N-Type TOPCon,COMMERCIAL 62PCS ASTRONERGY 625W,"62X 625W Astronergy ASTRO N7 Panel N-Type TOPCon
 1X [3P] SAJ R6 30KW String Inverter
 1X SEDA ATAP Application
 TNB Smart Meter Application
 Solar System Architecture Design
 Electrical System Design
 Roof and Site Surveying
 Roof Panel Installation
 Electrical Works
 SkyLift",commercial,"96,140","72,030",Master Tec 6mm DC Cable,40,20,62,"MEGA Cable AC Cable: 25mm, Earth Cable: 10mm",5,EPS 3P 63A,Three Phase PV meter,30way
63,30,1X [3P] SAJ R6 30KW String Inverter,625W Astronergy ASTRO N7 Panel N-Type TOPCon,COMMERCIAL 63PCS ASTRONERGY 625W,"63X 625W Astronergy ASTRO N7 Panel N-Type TOPCon
 1X [3P] SAJ R6 30KW String Inverter
 1X SEDA ATAP Application
 TNB Smart Meter Application
 Solar System Architecture Design
 Electrical System Design
 Roof and Site Surveying
 Roof Panel Installation
 Electrical Works
 SkyLift",commercial,"97,350","72,910",Master Tec 6mm DC Cable,40,20,63,"MEGA Cable AC Cable: 25mm, Earth Cable: 10mm",5,EPS 3P 63A,Three Phase PV meter,30way
64,30,1X [3P] SAJ R6 30KW String Inverter,625W Astronergy ASTRO N7 Panel N-Type TOPCon,COMMERCIAL 64PCS ASTRONERGY 625W,"64X 625W Astronergy ASTRO N7 Panel N-Type TOPCon
 1X [3P] SAJ R6 30KW String Inverter
 1X SEDA ATAP Application
 TNB Smart Meter Application
 Solar System Architecture Design
 Electrical System Design
 Roof and Site Surveying
 Roof Panel Installation
 Electrical Works
 SkyLift",commercial,"98,560","73,780",Master Tec 6mm DC Cable,40,20,64,"MEGA Cable AC Cable: 25mm, Earth Cable: 10mm",5,EPS 3P 63A,Three Phase PV meter,30way
65,30,1X [3P] SAJ R6 30KW String Inverter,625W Astronergy ASTRO N7 Panel N-Type TOPCon,COMMERCIAL 65PCS ASTRONERGY 625W,"65X 625W Astronergy ASTRO N7 Panel N-Type TOPCon
 1X [3P] SAJ R6 30KW String Inverter
 1X SEDA ATAP Application
 TNB Smart Meter Application
 Solar System Architecture Design
 Electrical System Design
 Roof and Site Surveying
 Roof Panel Installation
 Electrical Works
 SkyLift",commercial,"99,770","74,650",Master Tec 6mm DC Cable,40,20,65,"MEGA Cable AC Cable: 25mm, Earth Cable: 10mm",5,EPS 3P 63A,Three Phase PV meter,30way
66,30,1X [3P] SAJ R6 30KW String Inverter,625W Astronergy ASTRO N7 Panel N-Type TOPCon,COMMERCIAL 66PCS ASTRONERGY 625W,"66X 625W Astronergy ASTRO N7 Panel N-Type TOPCon
 1X [3P] SAJ R6 30KW String Inverter
 1X SEDA ATAP Application
 TNB Smart Meter Application
 Solar System Architecture Design
 Electrical System Design
 Roof and Site Surveying
 Roof Panel Installation
 Electrical Works
 SkyLift",commercial,"100,990","75,520",Master Tec 6mm DC Cable,40,20,66,"MEGA Cable AC Cable: 25mm, Earth Cable: 10mm",5,EPS 3P 63A,Three Phase PV meter,30way
67,30,1X [3P] SAJ R6 30KW String Inverter,625W Astronergy ASTRO N7 Panel N-Type TOPCon,COMMERCIAL 67PCS ASTRONERGY 625W,"67X 625W Astronergy ASTRO N7 Panel N-Type TOPCon
 1X [3P] SAJ R6 30KW String Inverter
 1X SEDA ATAP Application
 TNB Smart Meter Application
 Solar System Architecture Design
 Electrical System Design
 Roof and Site Surveying
 Roof Panel Installation
 Electrical Works
 SkyLift",commercial,"102,200","76,390",Master Tec 6mm DC Cable,40,20,67,"MEGA Cable AC Cable: 25mm, Earth Cable: 10mm",5,EPS 3P 63A,Three Phase PV meter,30way
68,40,1X [3P] SAJ R6 40KW String Inverter,625W Astronergy ASTRO N7 Panel N-Type TOPCon,COMMERCIAL 68PCS ASTRONERGY 625W,"68X 625W Astronergy ASTRO N7 Panel N-Type TOPCon
 1X [3P] SAJ R6 40KW String Inverter
 1X SEDA ATAP Application
 TNB Smart Meter Application
 Solar System Architecture Design
 Electrical System Design
 Roof and Site Surveying
 Roof Panel Installation
 Electrical Works
 SkyLift",commercial,"104,870","78,770",Master Tec 6mm DC Cable,40,30,68,"MEGA Cable AC Cable: 25mm, Earth Cable: 10mm",5,CHINT 3P 80A,Three Phase PV meter,30way
69,40,1X [3P] SAJ R6 40KW String Inverter,625W Astronergy ASTRO N7 Panel N-Type TOPCon,COMMERCIAL 69PCS ASTRONERGY 625W,"69X 625W Astronergy ASTRO N7 Panel N-Type TOPCon
 1X [3P] SAJ R6 40KW String Inverter
 1X SEDA ATAP Application
 TNB Smart Meter Application
 Solar System Architecture Design
 Electrical System Design
 Roof and Site Surveying
 Roof Panel Installation
 Electrical Works
 SkyLift",commercial,"106,070","79,640",Master Tec 6mm DC Cable,40,30,69,"MEGA Cable AC Cable: 25mm, Earth Cable: 10mm",5,CHINT 3P 80A,Three Phase PV meter,30way
70,40,1X [3P] SAJ R6 40KW String Inverter,625W Astronergy ASTRO N7 Panel N-Type TOPCon,COMMERCIAL 70PCS ASTRONERGY 625W,"70X 625W Astronergy ASTRO N7 Panel N-Type TOPCon
 1X [3P] SAJ R6 40KW String Inverter
 1X SEDA ATAP Application
 TNB Smart Meter Application
 Solar System Architecture Design
 Electrical System Design
 Roof and Site Surveying
 Roof Panel Installation
 Electrical Works
 SkyLift",commercial,"107,280","80,510",Master Tec 6mm DC Cable,40,30,70,"MEGA Cable AC Cable: 25mm, Earth Cable: 10mm",5,CHINT 3P 80A,Three Phase PV meter,30way