No Panel,Inverter Qty and Model,Panel Type,Package Name,Invoice Description,Package Type,Package Price,Nett Price After Discount,DC Cable,DC cable qty (m),mc4 qty(PAIR),Mounting structure,AC Cable,AC cable qty (m),Breaker,SPD,PV METER,PVC DB BOX
8,2 X M2-1.8K-S4,650W JinkoSolar TIGER NEO 3.0 Panel N-Type TOPCon,[1P]MICRO SAJ JINKO 8 PCS 650W,"8 X 650W JinkoSolar TIGER NEO 3.0 Panel N-Type TOPCon
 2 X M2-1.8K-S4
 1X SEDA ATAP SOLAR Application
 TNB Smart Meter Application
 Solar System Architecture Design
 Electrical System Design
 Roof and Site Surveying
 Roof Panel Installation
 Electrical Works
 SkyLift
 3 Year MSIG All-Risk Solar System Coverage up to RM10000 assured",Residential,"RM20,600.00","RM17,440.00",Master Tec 4mm DC Cable,16,16,8 unit,SYNTHETIC RUBBER FLEXIBLE CORD 3*4mm,20,EPS 2P32A,2P SPD,2P PV METER,8.5 way
9,"2 X M2-1.8K-S4
 1 X M2-1.0K-S2",650W JinkoSolar TIGER NEO 3.0 Panel N-Type TOPCon,[1P]MICRO SAJ JINKO 9 PCS 650W,"9 X 650W JinkoSolar TIGER NEO 3.0 Panel N-Type TOPCon
 2 X M2-1.8K-S4
 1 X M2-1.0K-S2
 1X SEDA ATAP SOLAR Application
 TNB Smart Meter Application
 Solar System Architecture Design
 Electrical System Design
 Roof and Site Surveying
 Roof Panel Installation
 Electrical Works
 SkyLift
 3 Year MSIG All-Risk Solar System Coverage up to RM10000 assured",Residential,"RM22,360.00","RM18,970.00",Master Tec 4mm DC Cable,18,18,9 unit,SYNTHETIC RUBBER FLEXIBLE CORD 3*4mm,20,EPS 2P32A,2P SPD,2P PV METER,8.5 way
10,"2 X M2-1.8K-S4
 1 X M2-1.0K-S2",650W JinkoSolar TIGER NEO 3.0 Panel N-Type TOPCon,[1P]MICRO SAJ JINKO 10 PCS 650W,"10 X 650W JinkoSolar TIGER NEO 3.0 Panel N-Type TOPCon
 2 X M2-1.8K-S4
 1 X M2-1.0K-S2
 1X SEDA ATAP SOLAR Application
 TNB Smart Meter Application
 Solar System Architecture Design
 Electrical System Design
 Roof and Site Surveying
 Roof Panel Installation
 Electrical Works
 SkyLift
 3 Year MSIG All-Risk Solar System Coverage up to RM10000 assured",Residential,"RM23,840.00","RM20,180.00",Master Tec 4mm DC Cable,20,20,10 unit,SYNTHETIC RUBBER FLEXIBLE CORD 3*4mm,20,EPS 2P32A,2P SPD,2P PV METER,8.5 way
11,3 X M2-1.8K-S4,650W JinkoSolar TIGER NEO 3.0 Panel N-Type TOPCon,[1P]MICRO SAJ JINKO 11 PCS 650W,"11 X 650W JinkoSolar TIGER NEO 3.0 Panel N-Type TOPCon
 3 X M2-1.8K-S4
 1X SEDA ATAP SOLAR Application
 TNB Smart Meter Application
 Solar System Architecture Design
 Electrical System Design
 Roof and Site Surveying
 Roof Panel Installation
 Electrical Works
 SkyLift
 3 Year MSIG All-Risk Solar System Coverage up to RM10000 assured",Residential,"RM25,460.00","RM21,570.00",Master Tec 4mm DC Cable,22,22,11 unit,SYNTHETIC RUBBER FLEXIBLE CORD 3*4mm,20,EPS 2P32A,2P SPD,2P PV METER,8.5 way
12,3 X M2-1.8K-S4,650W JinkoSolar TIGER NEO 3.0 Panel N-Type TOPCon,[1P]MICRO SAJ JINKO 12 PCS 650W,"12 X 650W JinkoSolar TIGER NEO 3.0 Panel N-Type TOPCon
 3 X M2-1.8K-S4
 1X SEDA ATAP SOLAR Application
 TNB Smart Meter Application
 Solar System Architecture Design
 Electrical System Design
 Roof and Site Surveying
 Roof Panel Installation
 Electrical Works
 SkyLift
 3 Year MSIG All-Risk Solar System Coverage up to RM10000 assured",Residential,"RM26,740.00","RM22,630.00",Master Tec 4mm DC Cable,24,24,12 unit,SYNTHETIC RUBBER FLEXIBLE CORD 3*4mm,20,EPS 2P32A,2P SPD,2P PV METER,8.5 way
9,"2 X M2-1.8K-S4
 1 X M2-1.0K-S2",650W JinkoSolar TIGER NEO 3.0 Panel N-Type TOPCon,[3P]MICRO SAJ JINKO 9 PCS 650W,"9 X 650W JinkoSolar TIGER NEO 3.0 Panel N-Type TOPCon
 2 X M2-1.8K-S4
 1 X M2-1.0K-S2
 1X SEDA ATAP SOLAR Application
 TNB Smart Meter Application
 Solar System Architecture Design
 Electrical System Design
 Roof and Site Surveying
 Roof Panel Installation
 Electrical Works
 SkyLift
 3 Year MSIG All-Risk Solar System Coverage up to RM10000 assured",Residential,"RM24,760.00","RM19,780.00",Master Tec 4mm DC Cable,18,18,9 unit,SYNTHETIC RUBBER FLEXIBLE CORD 3*4mm,60,EPS 3P32A,4P SPD,4P PV METER,10.5 way
10,"2 X M2-1.8K-S4
 1 X M2-1.0K-S2",650W JinkoSolar TIGER NEO 3.0 Panel N-Type TOPCon,[3P]MICRO SAJ JINKO 10 PCS 650W,"10 X 650W JinkoSolar TIGER NEO 3.0 Panel N-Type TOPCon
 2 X M2-1.8K-S4
 1 X M2-1.0K-S2
 1X SEDA ATAP SOLAR Application
 TNB Smart Meter Application
 Solar System Architecture Design
 Electrical System Design
 Roof and Site Surveying
 Roof Panel Installation
 Electrical Works
 SkyLift
 3 Year MSIG All-Risk Solar System Coverage up to RM10000 assured",Residential,"RM26,050.00","RM20,770.00",Master Tec 4mm DC Cable,20,20,10 unit,SYNTHETIC RUBBER FLEXIBLE CORD 3*4mm,60,EPS 3P32A,4P SPD,4P PV METER,10.5 way
11,3 X M2-1.8K-S4,650W JinkoSolar TIGER NEO 3.0 Panel N-Type TOPCon,[3P]MICRO SAJ JINKO 11 PCS 650W,"11 X 650W JinkoSolar TIGER NEO 3.0 Panel N-Type TOPCon
 3 X M2-1.8K-S4
 1X SEDA ATAP SOLAR Application
 TNB Smart Meter Application
 Solar System Architecture Design
 Electrical System Design
 Roof and Site Surveying
 Roof Panel Installation
 Electrical Works
 SkyLift
 3 Year MSIG All-Risk Solar System Coverage up to RM10000 assured",Residential,"RM27,670.00","RM22,100.00",Master Tec 4mm DC Cable,22,22,11 unit,SYNTHETIC RUBBER FLEXIBLE CORD 3*4mm,60,EPS 3P32A,4P SPD,4P PV METER,10.5 way
12,3 X M2-1.8K-S4,650W JinkoSolar TIGER NEO 3.0 Panel N-Type TOPCon,[3P]MICRO SAJ JINKO 12 PCS 650W,"12 X 650W JinkoSolar TIGER NEO 3.0 Panel N-Type TOPCon
 3 X M2-1.8K-S4
 1X SEDA ATAP SOLAR Application
 TNB Smart Meter Application
 Solar System Architecture Design
 Electrical System Design
 Roof and Site Surveying
 Roof Panel Installation
 Electrical Works
 SkyLift
 3 Year MSIG All-Risk Solar System Coverage up to RM10000 assured",Residential,"RM28,990.00","RM23,120.00",Master Tec 4mm DC Cable,24,24,12 unit,SYNTHETIC RUBBER FLEXIBLE CORD 3*4mm,60,EPS 3P32A,4P SPD,4P PV METER,10.5 way
13,"3 X M2-1.8K-S4
 1 X M2-1.0K-S2",650W JinkoSolar TIGER NEO 3.0 Panel N-Type TOPCon,[3P]MICRO SAJ JINKO 13 PCS 650W,"13 X 650W JinkoSolar TIGER NEO 3.0 Panel N-Type TOPCon
 3 X M2-1.8K-S4
 1 X M2-1.0K-S2
 1X SEDA ATAP SOLAR Application
 TNB Smart Meter Application
 Solar System Architecture Design
 Electrical System Design
 Roof and Site Surveying
 Roof Panel Installation
 Electrical Works
 SkyLift
 3 Year MSIG All-Risk Solar System Coverage up to RM10000 assured",Residential,"RM30,730.00","RM24,590.00",Master Tec 4mm DC Cable,26,26,13 unit,SYNTHETIC RUBBER FLEXIBLE CORD 3*4mm,60,EPS 3P32A,4P SPD,4P PV METER,10.5 way
14,"3 X M2-1.8K-S4
 1 X M2-1.0K-S2",650W JinkoSolar TIGER NEO 3.0 Panel N-Type TOPCon,[3P]MICRO SAJ JINKO 14 PCS 650W,"14 X 650W JinkoSolar TIGER NEO 3.0 Panel N-Type TOPCon
 3 X M2-1.8K-S4
 1 X M2-1.0K-S2
 1X SEDA ATAP SOLAR Application
 TNB Smart Meter Application
 Solar System Architecture Design
 Electrical System Design
 Roof and Site Surveying
 Roof Panel Installation
 Electrical Works
 SkyLift
 3 Year MSIG All-Risk Solar System Coverage up to RM10000 assured",Residential,"RM32,100.00","RM25,640.00",Master Tec 4mm DC Cable,28,28,14 unit,SYNTHETIC RUBBER FLEXIBLE CORD 3*4mm,60,EPS 3P32A,4P SPD,4P PV METER,10.5 way
15,4 X M2-1.8K-S4,650W JinkoSolar TIGER NEO 3.0 Panel N-Type TOPCon,[3P]MICRO SAJ JINKO 15 PCS 650W,"15 X 650W JinkoSolar TIGER NEO 3.0 Panel N-Type TOPCon
 4 X M2-1.8K-S4
 1X SEDA ATAP SOLAR Application
 TNB Smart Meter Application
 Solar System Architecture Design
 Electrical System Design
 Roof and Site Surveying
 Roof Panel Installation
 Electrical Works
 SkyLift
 3 Year MSIG All-Risk Solar System Coverage up to RM10000 assured",Residential,"RM33,720.00","RM26,960.00",Master Tec 4mm DC Cable,30,30,15 unit,SYNTHETIC RUBBER FLEXIBLE CORD 3*4mm,60,EPS 3P32A,4P SPD,4P PV METER,10.5 way
16,4 X M2-1.8K-S4,650W JinkoSolar TIGER NEO 3.0 Panel N-Type TOPCon,[3P]MICRO SAJ JINKO 16 PCS 650W,"16 X 650W JinkoSolar TIGER NEO 3.0 Panel N-Type TOPCon
 4 X M2-1.8K-S4
 1X SEDA ATAP SOLAR Application
 TNB Smart Meter Application
 Solar System Architecture Design
 Electrical System Design
 Roof and Site Surveying
 Roof Panel Installation
 Electrical Works
 SkyLift
 3 Year MSIG All-Risk Solar System Coverage up to RM10000 assured",Residential,"RM34,990.00","RM27,960.00",Master Tec 4mm DC Cable,32,32,16 unit,SYNTHETIC RUBBER FLEXIBLE CORD 3*4mm,60,EPS 3P32A,4P SPD,4P PV METER,10.5 way
17,"4 X M2-1.8K-S4
 1 X M2-1.0K-S2",650W JinkoSolar TIGER NEO 3.0 Panel N-Type TOPCon,[3P]MICRO SAJ JINKO 17 PCS 650W,"17 X 650W JinkoSolar TIGER NEO 3.0 Panel N-Type TOPCon
 4 X M2-1.8K-S4
 1 X M2-1.0K-S2
 1X SEDA ATAP SOLAR Application
 TNB Smart Meter Application
 Solar System Architecture Design
 Electrical System Design
 Roof and Site Surveying
 Roof Panel Installation
 Electrical Works
 SkyLift
 3 Year MSIG All-Risk Solar System Coverage up to RM10000 assured",Residential,"RM36,730.00","RM29,420.00",Master Tec 4mm DC Cable,34,34,17 unit,SYNTHETIC RUBBER FLEXIBLE CORD 3*4mm,60,EPS 3P32A,4P SPD,4P PV METER,10.5 way
18,"4 X M2-1.8K-S4
 1 X M2-1.0K-S2",650W JinkoSolar TIGER NEO 3.0 Panel N-Type TOPCon,[3P]MICRO SAJ JINKO 18 PCS 650W,"18 X 650W JinkoSolar TIGER NEO 3.0 Panel N-Type TOPCon
 4 X M2-1.8K-S4
 1 X M2-1.0K-S2
 1X SEDA ATAP SOLAR Application
 TNB Smart Meter Application
 Solar System Architecture Design
 Electrical System Design
 Roof and Site Surveying
 Roof Panel Installation
 Electrical Works
 SkyLift
 3 Year MSIG All-Risk Solar System Coverage up to RM10000 assured",Residential,"RM38,000.00","RM30,410.00",Master Tec 4mm DC Cable,36,36,18 unit,SYNTHETIC RUBBER FLEXIBLE CORD 3*4mm,60,EPS 3P32A,4P SPD,4P PV METER,10.5 way
19,5 X M2-1.8K-S4,650W JinkoSolar TIGER NEO 3.0 Panel N-Type TOPCon,[3P]MICRO SAJ JINKO 19 PCS 650W,"19 X 650W JinkoSolar TIGER NEO 3.0 Panel N-Type TOPCon
 5 X M2-1.8K-S4
 1X SEDA ATAP SOLAR Application
 TNB Smart Meter Application
 Solar System Architecture Design
 Electrical System Design
 Roof and Site Surveying
 Roof Panel Installation
 Electrical Works
 SkyLift
 3 Year MSIG All-Risk Solar System Coverage up to RM10000 assured",Residential,"RM39,700.00","RM31,510.00",Master Tec 4mm DC Cable,38,38,19 unit,SYNTHETIC RUBBER FLEXIBLE CORD 3*4mm,60,EPS 3P32A,4P SPD,4P PV METER,10.5 way
20,5 X M2-1.8K-S4,650W JinkoSolar TIGER NEO 3.0 Panel N-Type TOPCon,[3P]MICRO SAJ JINKO 20 PCS 650W,"20 X 650W JinkoSolar TIGER NEO 3.0 Panel N-Type TOPCon
 5 X M2-1.8K-S4
 1X SEDA ATAP SOLAR Application
 TNB Smart Meter Application
 Solar System Architecture Design
 Electrical System Design
 Roof and Site Surveying
 Roof Panel Installation
 Electrical Works
 SkyLift
 3 Year MSIG All-Risk Solar System Coverage up to RM10000 assured",Residential,"RM40,970.00","RM32,210.00",Master Tec 4mm DC Cable,40,40,20 unit,SYNTHETIC RUBBER FLEXIBLE CORD 3*4mm,60,EPS 3P32A,4P SPD,4P PV METER,10.5 way
21,"5 X M2-1.8K-S4
 1 X M2-1.0K-S2",650W JinkoSolar TIGER NEO 3.0 Panel N-Type TOPCon,[3P]MICRO SAJ JINKO 21 PCS 650W,"21 X 650W JinkoSolar TIGER NEO 3.0 Panel N-Type TOPCon
 5 X M2-1.8K-S4
 1 X M2-1.0K-S2
 1X SEDA ATAP SOLAR Application
 TNB Smart Meter Application
 Solar System Architecture Design
 Electrical System Design
 Roof and Site Surveying
 Roof Panel Installation
 Electrical Works
 SkyLift
 3 Year MSIG All-Risk Solar System Coverage up to RM10000 assured",Residential,"RM42,710.00","RM33,370.00",Master Tec 4mm DC Cable,42,42,21 unit,SYNTHETIC RUBBER FLEXIBLE CORD 3*4mm,60,EPS 3P32A,4P SPD,4P PV METER,10.5 way
22,"5 X M2-1.8K-S4
 1 X M2-1.0K-S2",650W JinkoSolar TIGER NEO 3.0 Panel N-Type TOPCon,[3P]MICRO SAJ JINKO 22 PCS 650W,"22 X 650W JinkoSolar TIGER NEO 3.0 Panel N-Type TOPCon
 5 X M2-1.8K-S4
 1 X M2-1.0K-S2
 1X SEDA ATAP SOLAR Application
 TNB Smart Meter Application
 Solar System Architecture Design
 Electrical System Design
 Roof and Site Surveying
 Roof Panel Installation
 Electrical Works
 SkyLift
 3 Year MSIG All-Risk Solar System Coverage up to RM10000 assured",Residential,"RM43,980.00","RM34,040.00",Master Tec 4mm DC Cable,44,44,22 unit,SYNTHETIC RUBBER FLEXIBLE CORD 3*4mm,60,EPS 3P32A,4P SPD,4P PV METER,10.5 way
23,6 X M2-1.8K-S4,650W JinkoSolar TIGER NEO 3.0 Panel N-Type TOPCon,[3P]MICRO SAJ JINKO 23 PCS 650W,"23 X 650W JinkoSolar TIGER NEO 3.0 Panel N-Type TOPCon
 6 X M2-1.8K-S4
 1X SEDA ATAP SOLAR Application
 TNB Smart Meter Application
 Solar System Architecture Design
 Electrical System Design
 Roof and Site Surveying
 Roof Panel Installation
 Electrical Works
 SkyLift
 3 Year MSIG All-Risk Solar System Coverage up to RM10000 assured",Residential,"RM45,650.00","RM35,070.00",Master Tec 4mm DC Cable,46,46,23 unit,SYNTHETIC RUBBER FLEXIBLE CORD 3*4mm,60,EPS 3P32A,4P SPD,4P PV METER,10.5 way
24,6 X M2-1.8K-S4,650W JinkoSolar TIGER NEO 3.0 Panel N-Type TOPCon,[3P]MICRO SAJ JINKO 24 PCS 650W,"24 X 650W JinkoSolar TIGER NEO 3.0 Panel N-Type TOPCon
 6 X M2-1.8K-S4
 1X SEDA ATAP SOLAR Application
 TNB Smart Meter Application
 Solar System Architecture Design
 Electrical System Design
 Roof and Site Surveying
 Roof Panel Installation
 Electrical Works
 SkyLift
 3 Year MSIG All-Risk Solar System Coverage up to RM10000 assured",Residential,"RM46,920.00","RM36,020.00",Master Tec 4mm DC Cable,48,48,24 unit,SYNTHETIC RUBBER FLEXIBLE CORD 3*4mm,60,EPS 3P32A,4P SPD,4P PV METER,10.5 way
25,"6 X M2-1.8K-S4
 1 X M2-1.0K-S2",650W JinkoSolar TIGER NEO 3.0 Panel N-Type TOPCon,[3P]MICRO SAJ JINKO 25 PCS 650W,"25 X 650W JinkoSolar TIGER NEO 3.0 Panel N-Type TOPCon
 6 X M2-1.8K-S4
 1 X M2-1.0K-S2
 1X SEDA ATAP SOLAR Application
 TNB Smart Meter Application
 Solar System Architecture Design
 Electrical System Design
 Roof and Site Surveying
 Roof Panel Installation
 Electrical Works
 SkyLift
 3 Year MSIG All-Risk Solar System Coverage up to RM10000 assured",Residential,"RM48,660.00","RM37,430.00",Master Tec 4mm DC Cable,50,50,25 unit,SYNTHETIC RUBBER FLEXIBLE CORD 3*4mm,60,EPS 3P32A,4P SPD,4P PV METER,10.5 way
26,"6 X M2-1.8K-S4
 1 X M2-1.0K-S2",650W JinkoSolar TIGER NEO 3.0 Panel N-Type TOPCon,[3P]MICRO SAJ JINKO 26 PCS 650W,"26 X 650W JinkoSolar TIGER NEO 3.0 Panel N-Type TOPCon
 6 X M2-1.8K-S4
 1 X M2-1.0K-S2
 1X SEDA ATAP SOLAR Application
 TNB Smart Meter Application
 Solar System Architecture Design
 Electrical System Design
 Roof and Site Surveying
 Roof Panel Installation
 Electrical Works
 SkyLift
 3 Year MSIG All-Risk Solar System Coverage up to RM10000 assured",Residential,"RM49,930.00","RM38,360.00",Master Tec 4mm DC Cable,52,52,26 unit,SYNTHETIC RUBBER FLEXIBLE CORD 3*4mm,60,EPS 3P32A,4P SPD,4P PV METER,10.5 way
27,7 X M2-1.8K-S4,650W JinkoSolar TIGER NEO 3.0 Panel N-Type TOPCon,[3P]MICRO SAJ JINKO 27 PCS 650W,"27 X 650W JinkoSolar TIGER NEO 3.0 Panel N-Type TOPCon
 7 X M2-1.8K-S4
 1X SEDA ATAP SOLAR Application
 TNB Smart Meter Application
 Solar System Architecture Design
 Electrical System Design
 Roof and Site Surveying
 Roof Panel Installation
 Electrical Works
 SkyLift
 3 Year MSIG All-Risk Solar System Coverage up to RM10000 assured",Residential,"RM51,510.00","RM39,640.00",Master Tec 4mm DC Cable,54,54,27 unit,SYNTHETIC RUBBER FLEXIBLE CORD 3*4mm,60,EPS 3P32A,4P SPD,4P PV METER,10.5 way
28,7 X M2-1.8K-S4,650W JinkoSolar TIGER NEO 3.0 Panel N-Type TOPCon,[3P]MICRO SAJ JINKO 28 PCS 650W,"28 X 650W JinkoSolar TIGER NEO 3.0 Panel N-Type TOPCon
 7 X M2-1.8K-S4
 1X SEDA ATAP SOLAR Application
 TNB Smart Meter Application
 Solar System Architecture Design
 Electrical System Design
 Roof and Site Surveying
 Roof Panel Installation
 Electrical Works
 SkyLift
 3 Year MSIG All-Risk Solar System Coverage up to RM10000 assured",Residential,"RM53,250.00","RM40,180.00",Master Tec 4mm DC Cable,56,56,28 unit,SYNTHETIC RUBBER FLEXIBLE CORD 3*4mm,60,EPS 3P32A,4P SPD,4P PV METER,10.5 way
29,"7 X M2-1.8K-S4
 1 X M2-1.0K-S2",650W JinkoSolar TIGER NEO 3.0 Panel N-Type TOPCon,[3P]MICRO SAJ JINKO 29 PCS 650W,"29 X 650W JinkoSolar TIGER NEO 3.0 Panel N-Type TOPCon
 7 X M2-1.8K-S4
 1 X M2-1.0K-S2
 1X SEDA ATAP SOLAR Application
 TNB Smart Meter Application
 Solar System Architecture Design
 Electrical System Design
 Roof and Site Surveying
 Roof Panel Installation
 Electrical Works
 SkyLift
 3 Year MSIG All-Risk Solar System Coverage up to RM10000 assured",Residential,"RM55,490.00","RM41,520.00",Master Tec 4mm DC Cable,58,58,29 unit,SYNTHETIC RUBBER FLEXIBLE CORD 3*4mm,60,EPS 3P32A,4P SPD,4P PV METER,10.5 way
30,"7 X M2-1.8K-S4
 1 X M2-1.0K-S2",650W JinkoSolar TIGER NEO 3.0 Panel N-Type TOPCon,[3P]MICRO SAJ JINKO 30 PCS 650W,"30 X 650W JinkoSolar TIGER NEO 3.0 Panel N-Type TOPCon
 7 X M2-1.8K-S4
 1 X M2-1.0K-S2
 1X SEDA ATAP SOLAR Application
 TNB Smart Meter Application
 Solar System Architecture Design
 Electrical System Design
 Roof and Site Surveying
 Roof Panel Installation
 Electrical Works
 SkyLift
 3 Year MSIG All-Risk Solar System Coverage up to RM10000 assured",Residential,"RM56,750.00","RM42,430.00",Master Tec 4mm DC Cable,60,60,30 unit,SYNTHETIC RUBBER FLEXIBLE CORD 3*4mm,60,EPS 3P32A,4P SPD,4P PV METER,10.5 way
31,8 X M2-1.8K-S4,650W JinkoSolar TIGER NEO 3.0 Panel N-Type TOPCon,[3P]MICRO SAJ JINKO 31 PCS 650W,"31 X 650W JinkoSolar TIGER NEO 3.0 Panel N-Type TOPCon
 8 X M2-1.8K-S4
 1X SEDA ATAP SOLAR Application
 TNB Smart Meter Application
 Solar System Architecture Design
 Electrical System Design
 Roof and Site Surveying
 Roof Panel Installation
 Electrical Works
 SkyLift
 3 Year MSIG All-Risk Solar System Coverage up to RM10000 assured",Residential,"RM58,340.00","RM43,660.00",Master Tec 4mm DC Cable,62,62,31 unit,SYNTHETIC RUBBER FLEXIBLE CORD 3*4mm,60,EPS 3P32A,4P SPD,4P PV METER,10.5 way
32,8 X M2-1.8K-S4,650W JinkoSolar TIGER NEO 3.0 Panel N-Type TOPCon,[3P]MICRO SAJ JINKO 32 PCS 650W,"32 X 650W JinkoSolar TIGER NEO 3.0 Panel N-Type TOPCon
 8 X M2-1.8K-S4
 1X SEDA ATAP SOLAR Application
 TNB Smart Meter Application
 Solar System Architecture Design
 Electrical System Design
 Roof and Site Surveying
 Roof Panel Installation
 Electrical Works
 SkyLift
 3 Year MSIG All-Risk Solar System Coverage up to RM10000 assured",Residential,"RM59,590.00","RM44,570.00",Master Tec 4mm DC Cable,64,64,32 unit,SYNTHETIC RUBBER FLEXIBLE CORD 3*4mm,60,EPS 3P32A,4P SPD,4P PV METER,10.5 way
33,"8 X M2-1.8K-S4
 1 X M2-1.0K-S2",650W JinkoSolar TIGER NEO 3.0 Panel N-Type TOPCon,[3P]MICRO SAJ JINKO 33 PCS 650W,"33 X 650W JinkoSolar TIGER NEO 3.0 Panel N-Type TOPCon
 8 X M2-1.8K-S4
 1 X M2-1.0K-S2
 1X SEDA ATAP SOLAR Application
 TNB Smart Meter Application
 Solar System Architecture Design
 Electrical System Design
 Roof and Site Surveying
 Roof Panel Installation
 Electrical Works
 SkyLift
 3 Year MSIG All-Risk Solar System Coverage up to RM10000 assured",Residential,"RM61,320.00","RM45,950.00",Master Tec 4mm DC Cable,66,66,33 unit,SYNTHETIC RUBBER FLEXIBLE CORD 3*4mm,60,EPS 3P32A,4P SPD,4P PV METER,10.5 way
34,"8 X M2-1.8K-S4
 1 X M2-1.0K-S2",650W JinkoSolar TIGER NEO 3.0 Panel N-Type TOPCon,[3P]MICRO SAJ JINKO 34 PCS 650W,"34 X 650W JinkoSolar TIGER NEO 3.0 Panel N-Type TOPCon
 8 X M2-1.8K-S4
 1 X M2-1.0K-S2
 1X SEDA ATAP SOLAR Application
 TNB Smart Meter Application
 Solar System Architecture Design
 Electrical System Design
 Roof and Site Surveying
 Roof Panel Installation
 Electrical Works
 SkyLift
 3 Year MSIG All-Risk Solar System Coverage up to RM10000 assured",Residential,"RM62,570.00","RM46,860.00",Master Tec 4mm DC Cable,68,68,34 unit,SYNTHETIC RUBBER FLEXIBLE CORD 3*4mm,60,EPS 3P32A,4P SPD,4P PV METER,10.5 way
35,9 X M2-1.8K-S4,650W JinkoSolar TIGER NEO 3.0 Panel N-Type TOPCon,[3P]MICRO SAJ JINKO 35 PCS 650W,"35 X 650W JinkoSolar TIGER NEO 3.0 Panel N-Type TOPCon
 9 X M2-1.8K-S4
 1X SEDA ATAP SOLAR Application
 TNB Smart Meter Application
 Solar System Architecture Design
 Electrical System Design
 Roof and Site Surveying
 Roof Panel Installation
 Electrical Works
 SkyLift
 3 Year MSIG All-Risk Solar System Coverage up to RM10000 assured",Residential,"RM64,240.00","RM48,140.00",Master Tec 4mm DC Cable,70,70,35 unit,SYNTHETIC RUBBER FLEXIBLE CORD 3*4mm,60,EPS 3P32A,4P SPD,4P PV METER,10.5 way
36,9 X M2-1.8K-S4,650W JinkoSolar TIGER NEO 3.0 Panel N-Type TOPCon,[3P]MICRO SAJ JINKO 36 PCS 650W,"36 X 650W JinkoSolar TIGER NEO 3.0 Panel N-Type TOPCon
 9 X M2-1.8K-S4
 1X SEDA ATAP SOLAR Application
 TNB Smart Meter Application
 Solar System Architecture Design
 Electrical System Design
 Roof and Site Surveying
 Roof Panel Installation
 Electrical Works
 SkyLift
 3 Year MSIG All-Risk Solar System Coverage up to RM10000 assured",Residential,"RM65,490.00","RM49,050.00",Master Tec 4mm DC Cable,72,72,36 unit,SYNTHETIC RUBBER FLEXIBLE CORD 3*4mm,60,EPS 3P32A,4P SPD,4P PV METER,10.5 way